Make,Class,Engine,Tran,Fuel,City,Hwy
ACURA ILX,C,2.0/4,AS5,Z,33,50
ACURA ILX,C,2.4/4,M6,Z,29,43
ACURA ILX HYBRID,C,1.5/4,AV7,Z,56,59
ACURA MDX AWD,SP,3.7/6,AS6,Z,21,29
ACURA RDX AWD,SP,3.5/6,AS6,Z,26,39
ACURA TL,M,3.5/6,AS6,Z,27,42
ACURA TL AWD,M,3.7/6,M6,Z,24,35
ACURA TL AWD,M,3.7/6,AS6,Z,25,37
ACURA TSX,C,2.4/4,M6,Z,29,42
ACURA TSX,C,2.4/4,AS5,Z,30,46
ACURA TSX,C,3.5/6,AS5,Z,26,40
ACURA ZDX AWD,SP,3.7/6,AS6,Z,22,32
ASTON MARTIN DB9,S,5.9/12,A6,Z,17,26
ASTON MARTIN V8 VANTAGE,T,4.7/8,AM7,Z,18,29
ASTON MARTIN V8 VANTAGE,T,4.7/8,M6,Z,17,27
ASTON MARTIN V8 VANTAGE S,T,4.7/8,AM7,Z,18,29
ASTON MARTIN V8 VANTAGE S,T,4.7/8,M6,Z,17,27
AUDI A3,W,2.0/4,AS6,Z,30,41
AUDI A3,W,2.0/4,M6,Z,27,42
AUDI A3 QUATTRO,W,2.0/4,AM6,Z,29,38
AUDI A3 TDI CLEAN DIESEL,W,2.0/4,AS6,D,42,60
AUDI A4,C,2.0/4,AV8,Z,33,46
AUDI A4 QUATTRO,C,2.0/4,AS8,Z,28,42
AUDI A4 QUATTRO,C,2.0/4,M6,Z,30,45
AUDI A5 CABRIOLET QUATTRO,S,2.0/4,AS8,Z,28,42
AUDI A5 QUATTRO,S,2.0/4,AS8,Z,28,42
AUDI A5 QUATTRO,S,2.0/4,M6,Z,30,45
AUDI A6 QUATTRO,M,2.0/4,AS8,Z,27,42
AUDI A6 QUATTRO,M,3.0/6,AS8,Z,25,39
AUDI A7 QUATTRO,M,3.0/6,AS8,Z,25,38
AUDI A8,M,3.0/6,AS8,Z,24,39
AUDI A8L,L,3.0/6,AS8,Z,23,37
AUDI A8L,L,4.0/8,AS8,Z,21,34
AUDI A8L,L,6.3/12,AS8,Z,17,26
AUDI ALLROAD QUATTRO,W,2.0/4,AS8,Z,27,38
AUDI Q5,SP,2.0/4,AS8,Z,27,39
AUDI Q5 HYBRID,SP,2.0/4,AS8,Z,33,41
AUDI Q7,SP,3.0/6,AS8,Z,21,30
AUDI Q7 TDI CLEAN DIESEL,SP,3.0/6,AS8,D,25,40
AUDI RS 5,S,4.2/8,AM7,Z,21,31
AUDI S4,C,3.0/6,AM7,Z,24,37
AUDI S4,C,3.0/6,M6,Z,22,34
AUDI S5,S,3.0/6,AM7,Z,24,37
AUDI S5,S,3.0/6,M6,Z,22,34
AUDI S5 CABRIOLET,S,3.0/6,AM7,Z,24,35
AUDI S6,M,4.0/8,AM7,Z,22,34
AUDI S7,M,4.0/8,AM7,Z,22,34
AUDI S8,M,4.0/8,AS8,Z,20,34
AUDI TT COUPE QUATTRO,S,2.0/4,AM6,Z,31,44
AUDI TT ROADSTER QUATTRO,T,2.0/4,AM6,Z,31,44
AUDI TT RS COUPE,S,2.5/5,M6,Z,23,35
AUDI TTS COUPE QUATTRO,S,2.0/4,AM6,Z,28,38
AUDI TTS ROADSTER QUATTRO,T,2.0/4,AM6,Z,28,38
BENTLEY CONTINENTAL FLYING SPUR,M,6.0/12,AM6,Z,15,25
BENTLEY CONTINENTAL GT,C,6.0/12,AS6,Z,15,25
BENTLEY CONTINENTAL GT,C,4.0/8,AS8,Z,20,34
BENTLEY CONTINENTAL GTC,S,4.0/8,AS8,Z,19,31
BENTLEY CONTINENTAL GTC,S,6.0/12,AM6,Z,15,25
BENTLEY CONTINENTAL SUPERSPORTS CONVERTIBLE,S,6.0/12,AM6,Z,15,25
BENTLEY MULSANNE,M,6.8/8,AS8,Z,14,22
BMW 128i CABRIOLET,S,3.0/6,A6,Z,25,38
BMW 128i CABRIOLET,S,3.0/6,M6,Z,26,40
BMW 128i COUPE,S,3.0/6,A6,Z,25,42
BMW 128i COUPE,S,3.0/6,M6,Z,26,40
BMW 135i CABRIOLET,S,3.0/6,AM7,Z,24,36
BMW 135i CABRIOLET,S,3.0/6,M6,Z,27,42
BMW 135i COUPE,S,3.0/6,AM7,Z,24,36
BMW 135i COUPE,S,3.0/6,M6,Z,27,40
BMW 320i,C,2.0/4,A8,Z,33,54
BMW 320i,C,2.0/4,M6,Z,32,52
BMW 328i,C,2.0/4,A8,Z,33,51
BMW 328i,C,2.0/4,M6,Z,31,50
BMW 328i CABRIOLET,S,3.0/6,A6,Z,25,38
BMW 328i CABRIOLET,S,3.0/6,M6,Z,23,38
BMW 328i COUPE,S,3.0/6,A6,Z,25,42
BMW 328i COUPE,S,3.0/6,M6,Z,26,40
BMW 328i xDRIVE,C,2.0/4,A8,Z,31,47
BMW 328i xDRIVE COUPE,S,3.0/6,A6,Z,24,36
BMW 328i xDRIVE COUPE,S,3.0/6,M6,Z,23,37
BMW 335i,C,3.0/6,A8,Z,31,47
BMW 335i,C,3.0/6,M6,Z,27,42
BMW 335i CABRIOLET,S,3.0/6,A6,Z,24,38
BMW 335i CABRIOLET,S,3.0/6,M6,Z,27,42
BMW 335i COUPE,S,3.0/6,A6,Z,24,38
BMW 335i COUPE,S,3.0/6,M6,Z,27,42
BMW 335i xDRIVE,C,3.0/6,A8,Z,29,45
BMW 335i xDRIVE,C,3.0/6,M6,Z,26,39
BMW 335i xDRIVE COUPE,S,3.0/6,A6,Z,25,38
BMW 335i xDRIVE COUPE,S,3.0/6,M6,Z,26,39
BMW 335is CABRIOLET,S,3.0/6,AM7,Z,23,33
BMW 335is CABRIOLET,S,3.0/6,M6,Z,24,38
BMW 335is COUPE,S,3.0/6,AM7,Z,23,33
BMW 335is COUPE,S,3.0/6,M6,Z,24,38
BMW 528i,M,2.0/4,A8,Z,33,50
BMW 528i xDRIVE,M,2.0/4,A8,Z,31,47
BMW 535i xDRIVE,M,3.0/6,A8,Z,29,43
BMW 535i xDRIVE GRAN TURISMO,L,3.0/6,A8,Z,25,38
BMW 550i xDRIVE,M,4.4/8,A8,Z,21,34
BMW 550i xDRIVE GRAN TURISMO,L,4.4/8,A8,Z,22,34
BMW 650i xDRIVE CABRIOLET,C,4.4/8,A8,Z,22,34
BMW 650i xDRIVE COUPE,C,4.4/8,A8,Z,21,34
BMW 650i xDRIVE GRAN COUPE,M,4.4/8,A8,Z,22,34
BMW 740Li xDRIVE,L,3.0/6,A8,Z,25,38
BMW 750i xDRIVE,L,4.4/8,A8,Z,22,34
BMW 750Li xDRIVE,L,4.4/8,A8,Z,22,34
BMW 760Li,L,6.0/12,A8,Z,17,29
BMW ACTIVEHYBRID 3,C,3.0/6,A8,Z,35,48
BMW ACTIVEHYBRID 5,M,3.0/6,A8,Z,31,43
BMW ACTIVEHYBRID 7L,L,3.0/6,A8,Z,30,43
BMW ALPINA B7 xDRIVE,L,4.4/8,A8,Z,22,34
BMW M3 CABRIOLET,S,4.0/8,AM7,Z,18,28
BMW M3 CABRIOLET,S,4.0/8,M6,Z,18,28
BMW M3 COUPE,S,4.0/8,AM7,Z,18,29
BMW M3 COUPE,S,4.0/8,M6,Z,19,29
BMW M5,M,4.4/8,AM7,Z,21,33
BMW M5,M,4.4/8,M6,Z,20,31
BMW M6 CABRIOLET,C,4.4/8,AM7,Z,21,33
BMW M6 CABRIOLET,C,4.4/8,M6,Z,20,31
BMW M6 COUPE,C,4.4/8,AM7,Z,21,33
BMW M6 COUPE,C,4.4/8,M6,Z,20,31
BMW X1 xDRIVE28i,SP,2.0/4,A8,Z,31,47
BMW X1 xDRIVE35i,SP,3.0/6,A6,Z,25,38
BMW X3 xDRIVE28i,SP,2.0/4,A8,Z,30,40
BMW X3 xDRIVE35i,SP,3.0/6,A8,Z,25,37
BMW X5 M,SP,4.4/8,A6,Z,16,24
BMW X5 xDRIVE35d,SP,3.0/6,A6,D,26,38
BMW X5 xDRIVE35i,SP,3.0/6,A8,Z,22,33
BMW X5 xDRIVE50i,SP,4.4/8,A8,Z,18,29
BMW X6 M,SP,4.4/8,A6,Z,16,24
BMW X6 xDRIVE35i,SP,3.0/6,A8,Z,22,33
BMW X6 xDRIVE50i,SP,4.4/8,A8,Z,18,29
BMW Z4 sDRIVE28i,T,2.0/4,A8,Z,30,48
BMW Z4 sDRIVE28i,T,2.0/4,M6,Z,31,50
BMW Z4 sDRIVE35i,T,3.0/6,AM7,Z,23,33
BMW Z4 sDRIVE35i,T,3.0/6,M6,Z,25,37
BMW Z4 sDRIVE35is,T,3.0/6,AM7,Z,23,33
BUICK ENCLAVE,SP,3.6/6,A6,X,22,34
BUICK ENCLAVE AWD,SP,3.6/6,A6,X,22,33
BUICK ENCORE,SP,1.4/4,AS6,X,34,47
BUICK ENCORE AWD,SP,1.4/4,AS6,X,32,42
BUICK LACROSSE,M,3.6/6,AS6,X,23,39
BUICK LACROSSE,M,3.6/6,AS6,E,17,27
BUICK LACROSSE AWD,M,3.6/6,AS6,X,22,36
BUICK LACROSSE AWD,M,3.6/6,AS6,E,16,26
BUICK LACROSSE eASSIST,M,2.4/4,AS6,X,34,52
BUICK REGAL,M,2.0/4,AS6,Z,25,41
BUICK REGAL,M,2.0/4,AS6,E,17,28
BUICK REGAL,M,2.0/4,M6,Z,27,46
BUICK REGAL,M,2.0/4,M6,E,20,32
BUICK REGAL eASSIST,M,2.4/4,AS6,X,34,52
BUICK REGAL GS,M,2.0/4,AS6,Z,26,38
BUICK REGAL GS,M,2.0/4,M6,Z,25,38
BUICK VERANO,C,2.0/4,AS6,Z,28,43
BUICK VERANO,C,2.0/4,M6,Z,28,45
BUICK VERANO,C,2.4/4,AS6,X,29,46
BUICK VERANO,C,2.4/4,AS6,E,20,33
CADILLAC ATS,C,2.0/4,AS6,Z,29,45
CADILLAC ATS,C,2.0/4,M6,Z,27,42
CADILLAC ATS,C,2.5/4,AS6,X,31,47
CADILLAC ATS,C,3.6/6,AS6,X,25,40
CADILLAC ATS,C,3.6/6,AS6,E,19,29
CADILLAC ATS AWD,C,2.0/4,AS6,Z,27,43
CADILLAC ATS AWD,C,3.6/6,AS6,X,24,38
CADILLAC ATS AWD,C,3.6/6,AS6,E,18,28
CADILLAC CTS,M,3.0/6,AS6,X,25,39
CADILLAC CTS,M,3.0/6,M6,X,21,37
CADILLAC CTS,M,3.6/6,AS6,X,25,42
CADILLAC CTS AWD,M,3.0/6,AS6,X,24,37
CADILLAC CTS AWD,M,3.6/6,AS6,X,24,38
CADILLAC CTS SPORT WAGON,W,3.0/6,AS6,X,24,37
CADILLAC CTS SPORT WAGON,W,3.6/6,AS6,X,24,38
CADILLAC CTS SPORT WAGON AWD,W,3.0/6,AS6,X,24,37
CADILLAC CTS SPORT WAGON AWD,W,3.6/6,AS6,X,24,38
CADILLAC CTS-V,M,6.2/8,AS6,Z,16,25
CADILLAC CTS-V,M,6.2/8,M6,Z,19,27
CADILLAC CTS-V SPORT WAGON,W,6.2/8,AS6,Z,16,25
CADILLAC CTS-V SPORT WAGON,W,6.2/8,M6,Z,19,27
CADILLAC ESCALADE AWD,SP,6.2/8,A6,Z,18,28
CADILLAC ESCALADE AWD,SP,6.2/8,A6,E,13,20
CADILLAC ESCALADE ESV AWD,SP,6.2/8,A6,Z,17,25
CADILLAC ESCALADE ESV AWD,SP,6.2/8,A6,E,12,18
CADILLAC ESCALADE HYBRID 4WD,SP,6.0/8,AV,X,27,33
CADILLAC SRX,SP,3.6/6,AS6,X,22,34
CADILLAC SRX,SP,3.6/6,AS6,E,17,25
CADILLAC SRX AWD,SP,3.6/6,AS6,X,21,32
CADILLAC SRX AWD,SP,3.6/6,AS6,E,16,24
CADILLAC XTS,L,3.6/6,AS6,X,23,39
CADILLAC XTS AWD,L,3.6/6,AS6,X,23,37
CHEVROLET AVALANCHE,PU,5.3/8,A6,X,20,30
CHEVROLET AVALANCHE,PU,5.3/8,A6,E,14,23
CHEVROLET AVALANCHE 4WD,PU,5.3/8,A6,X,20,30
CHEVROLET AVALANCHE 4WD,PU,5.3/8,A6,E,14,23
CHEVROLET CAMARO,C,3.6/6,AS6,X,25,42
CHEVROLET CAMARO,C,3.6/6,M6,X,23,40
CHEVROLET CAMARO 2LS,C,3.6/6,A6,X,25,43
CHEVROLET CAMARO SS,C,6.2/8,AS6,Z,21,34
CHEVROLET CAMARO SS,C,6.2/8,M6,Z,21,34
CHEVROLET CAMARO ZL1,C,6.2/8,AS6,Z,16,25
CHEVROLET CAMARO ZL1,C,6.2/8,M6,Z,19,27
CHEVROLET CORVETTE,T,6.2/8,AS6,Z,20,33
CHEVROLET CORVETTE,T,6.2/8,M6,Z,22,37
CHEVROLET CORVETTE Z06 / 427,T,7.0/8,M6,Z,20,34
CHEVROLET CORVETTE ZR1,T,6.2/8,M6,Z,19,30
CHEVROLET CRUZE,M,1.4/4,AS6,X,36,54
CHEVROLET CRUZE,M,1.4/4,M6,X,36,54
CHEVROLET CRUZE,M,1.8/4,AS6,X,31,50
CHEVROLET CRUZE,M,1.8/4,M6,X,34,52
CHEVROLET CRUZE ECO,M,1.4/4,A6,X,36,56
CHEVROLET CRUZE ECO,M,1.4/4,M6,X,39,61
CHEVROLET EQUINOX,SP,2.4/4,A6,X,31,46
CHEVROLET EQUINOX,SP,3.6/6,A6,X,23,35
CHEVROLET EQUINOX,SP,3.6/6,A6,E,17,25
CHEVROLET EQUINOX AWD,SP,2.4/4,A6,X,28,41
CHEVROLET EQUINOX AWD,SP,3.6/6,A6,X,21,34
CHEVROLET EQUINOX AWD,SP,3.6/6,A6,E,16,24
CHEVROLET EXPRESS 1500 CARGO,F,4.3/6,A4,X,20,28
CHEVROLET EXPRESS 1500 CARGO,F,5.3/8,A4,X,17,25
CHEVROLET EXPRESS 1500 CARGO,F,5.3/8,A4,E,13,19
CHEVROLET EXPRESS 1500 CARGO AWD,F,5.3/8,A4,X,17,23
CHEVROLET EXPRESS 1500 CARGO AWD,F,5.3/8,A4,E,12,17
CHEVROLET EXPRESS 1500 CARGO CONV,F,5.3/8,A4,X,17,24
CHEVROLET EXPRESS 1500 CARGO CONV,F,5.3/8,A4,E,13,18
CHEVROLET EXPRESS 1500 CARGO CONV AWD,F,5.3/8,A4,X,17,23
CHEVROLET EXPRESS 1500 CARGO CONV AWD,F,5.3/8,A4,E,12,17
CHEVROLET EXPRESS 1500 PASSENGER,F,5.3/8,A4,X,17,24
CHEVROLET EXPRESS 1500 PASSENGER,F,5.3/8,A4,E,13,18
CHEVROLET EXPRESS 1500 PASSENGER AWD,F,5.3/8,A4,X,17,23
CHEVROLET EXPRESS 1500 PASSENGER AWD,F,5.3/8,A4,E,12,17
CHEVROLET EXPRESS 2500 PASSENGER,F,4.8/8,A6,X,15,23
CHEVROLET EXPRESS 2500 PASSENGER,F,4.8/8,A6,E,11,17
CHEVROLET EXPRESS 2500 PASSENGER,F,6.0/8,A6,X,14,22
CHEVROLET EXPRESS 2500 PASSENGER,F,6.0/8,A6,E,10,16
CHEVROLET EXPRESS 3500 PASSENGER,F,4.8/8,A6,X,15,23
CHEVROLET EXPRESS 3500 PASSENGER,F,4.8/8,A6,E,11,17
CHEVROLET EXPRESS 3500 PASSENGER,F,6.0/8,A6,X,14,22
CHEVROLET EXPRESS 3500 PASSENGER,F,6.0/8,A6,E,10,16
CHEVROLET IMPALA,L,3.6/6,A6,X,24,42
CHEVROLET IMPALA,L,3.6/6,A6,E,18,32
CHEVROLET MALIBU,M,2.0/4,AS6,Z,28,43
CHEVROLET MALIBU,M,2.5/4,AS6,X,31,50
CHEVROLET MALIBU ECO,M,2.4/4,AS6,X,35,53
CHEVROLET ORLANDO,SP,2.4/4,AS6,X,26,39
CHEVROLET ORLANDO,SP,2.4/4,M6,X,27,40
CHEVROLET SILVERADO,PU,4.3/6,A4,X,20,28
CHEVROLET SILVERADO,PU,4.8/8,A4,X,19,27
CHEVROLET SILVERADO,PU,4.8/8,A4,E,14,20
CHEVROLET SILVERADO,PU,5.3/8,A6,X,20,30
CHEVROLET SILVERADO,PU,5.3/8,A6,E,14,23
CHEVROLET SILVERADO,PU,6.2/8,A6,Z,17,25
CHEVROLET SILVERADO,PU,6.2/8,A6,E,12,19
CHEVROLET SILVERADO 4WD,PU,4.3/6,A4,X,19,25
CHEVROLET SILVERADO 4WD,PU,4.8/8,A4,X,18,25
CHEVROLET SILVERADO 4WD,PU,4.8/8,A4,E,13,19
CHEVROLET SILVERADO 4WD,PU,5.3/8,A6,X,20,30
CHEVROLET SILVERADO 4WD,PU,5.3/8,A6,E,14,23
CHEVROLET SILVERADO 4WD,PU,6.2/8,A6,Z,16,25
CHEVROLET SILVERADO 4WD,PU,6.2/8,A6,E,12,18
CHEVROLET SILVERADO HYBRID,PU,6.0/8,AV,X,28,34
CHEVROLET SILVERADO HYBRID 4WD,PU,6.0/8,AV,X,28,33
CHEVROLET SILVERADO XFE,PU,5.3/8,A6,X,21,31
CHEVROLET SILVERADO XFE,PU,5.3/8,A6,E,15,23
CHEVROLET SONIC,C,1.4/4,AS6,X,37,51
CHEVROLET SONIC,C,1.4/4,M6,X,39,55
CHEVROLET SONIC,C,1.8/4,AS6,X,34,51
CHEVROLET SONIC,C,1.8/4,M5,X,37,50
CHEVROLET SONIC 5,M,1.4/4,AS6,X,37,51
CHEVROLET SONIC 5,M,1.4/4,M6,X,39,55
CHEVROLET SONIC 5,M,1.8/4,AS6,X,34,51
CHEVROLET SONIC 5,M,1.8/4,M5,X,37,50
CHEVROLET SONIC RS,M,1.4/4,AS6,X,34,48
CHEVROLET SONIC RS,M,1.4/4,M6,X,38,49
CHEVROLET SPARK,S,1.2/4,A4,X,40,54
CHEVROLET SPARK,S,1.2/4,M5,X,45,55
CHEVROLET SUBURBAN,SP,5.3/8,A6,X,20,30
CHEVROLET SUBURBAN,SP,5.3/8,A6,E,14,23
CHEVROLET SUBURBAN 4WD,SP,5.3/8,A6,X,20,30
CHEVROLET SUBURBAN 4WD,SP,5.3/8,A6,E,14,23
CHEVROLET SUBURBAN 4WD HD,SP,6.0/8,A6,X,14,22
CHEVROLET SUBURBAN HD,SP,6.0/8,A6,X,14,22
CHEVROLET TAHOE,SP,5.3/8,A6,X,20,30
CHEVROLET TAHOE,SP,5.3/8,A6,E,14,23
CHEVROLET TAHOE 4WD,SP,5.3/8,A6,X,20,30
CHEVROLET TAHOE 4WD,SP,5.3/8,A6,E,14,23
CHEVROLET TAHOE HYBRID,SP,6.0/8,AV,X,28,34
CHEVROLET TAHOE HYBRID 4WD,SP,6.0/8,AV,X,28,33
CHEVROLET TRAVERSE,SP,3.6/6,A6,X,22,34
CHEVROLET TRAVERSE AWD,SP,3.6/6,A6,X,22,33
CHEVROLET TRAX,SP,1.4/4,AS6,X,35,48
CHEVROLET TRAX,SP,1.4/4,M6,X,36,50
CHEVROLET TRAX AWD,SP,1.4/4,AS6,X,32,43
CHRYSLER 200 CONVERTIBLE,C,2.4/4,A4,X,27,41
CHRYSLER 200 CONVERTIBLE,C,2.4/4,A6,X,24,39
CHRYSLER 200 CONVERTIBLE FFV,C,3.6/6,A6,E,18,30
CHRYSLER 200 CONVERTIBLE FFV,C,3.6/6,A6,X,26,42
CHRYSLER 200 SEDAN,M,2.4/4,A4,X,28,41
CHRYSLER 200 SEDAN,M,2.4/4,A6,X,27,43
CHRYSLER 200 SEDAN FFV,M,3.6/6,A6,E,18,30
CHRYSLER 200 SEDAN FFV,M,3.6/6,A6,X,26,42
CHRYSLER 300,L,3.6/6,A8,X,26,44
CHRYSLER 300 (FuelSaver MDS),L,5.7/8,A5,X,21,35
CHRYSLER 300 AWD,L,3.6/6,A8,X,25,39
CHRYSLER 300 AWD (FuelSaver MDS),L,5.7/8,A5,X,20,33
CHRYSLER 300 AWD FFV,L,3.6/6,A8,E,18,28
CHRYSLER 300 AWD FFV,L,3.6/6,A8,X,25,39
CHRYSLER 300 FFV,L,3.6/6,A8,E,19,32
CHRYSLER 300 FFV,L,3.6/6,A8,X,26,44
CHRYSLER 300 SRT (FuelSaver MDS),L,6.4/8,A5,Z,19,32
CHRYSLER TOWN AND COUNTRY FFV,V,3.6/6,A6,E,16,25
CHRYSLER TOWN AND COUNTRY FFV,V,3.6/6,A6,X,23,35
DODGE AVENGER,M,2.4/4,A4,X,28,41
DODGE AVENGER,M,2.4/4,A6,X,27,43
DODGE AVENGER FFV,M,3.6/6,A6,E,18,30
DODGE AVENGER FFV,M,3.6/6,A6,X,26,42
DODGE CHALLENGER,C,3.6/6,A5,X,24,39
DODGE CHALLENGER,C,5.7/8,M6,X,20,33
DODGE CHALLENGER (FuelSaver MDS),C,5.7/8,A5,X,21,35
DODGE CHALLENGER SRT,C,6.4/8,M6,Z,19,32
DODGE CHALLENGER SRT (FuelSaver MDS),C,6.4/8,A5,Z,19,32
DODGE CHARGER,L,3.6/6,A5,X,24,39
DODGE CHARGER,L,3.6/6,A8,X,26,44
DODGE CHARGER (FuelSaver MDS),L,5.7/8,A5,X,21,35
DODGE CHARGER AWD,L,3.6/6,A8,X,25,39
DODGE CHARGER AWD (FuelSaver MDS),L,5.7/8,A5,X,20,33
DODGE CHARGER AWD FFV,L,3.6/6,A8,E,18,28
DODGE CHARGER AWD FFV,L,3.6/6,A8,X,25,39
DODGE CHARGER FFV,L,3.6/6,A5,E,17,26
DODGE CHARGER FFV,L,3.6/6,A8,E,19,32
DODGE CHARGER FFV,L,3.6/6,A5,X,24,39
DODGE CHARGER FFV,L,3.6/6,A8,X,26,44
DODGE CHARGER SRT (FuelSaver MDS),L,6.4/8,A5,Z,19,32
DODGE DART,M,2.0/4,A6,X,33,49
DODGE DART,M,2.0/4,M6,X,35,52
DODGE DART,M,2.4/4,A6,X,32,43
DODGE DART,M,2.4/4,M6,X,32,48
DODGE DART FFV,M,2.0/4,A6,E,22,34
DODGE DART FFV,M,2.0/4,A6,X,33,49
DODGE DART TURBO,M,1.4/4,AM6,X,38,53
DODGE DART TURBO,M,1.4/4,M6,X,38,58
DODGE DART TURBO AERO,M,1.4/4,AM6,X,39,58
DODGE DART TURBO AERO,M,1.4/4,M6,X,39,59
DODGE DURANGO AWD (FuelSaver MDS),SP,5.7/8,A6,X,17,28
DODGE DURANGO AWD FFV,SP,3.6/6,A5,E,16,24
DODGE DURANGO AWD FFV,SP,3.6/6,A5,X,22,32
DODGE GRAND CARAVAN FFV,V,3.6/6,A6,E,16,25
DODGE GRAND CARAVAN FFV,V,3.6/6,A6,X,23,36
DODGE JOURNEY,SP,2.4/4,A4,X,25,37
DODGE JOURNEY AWD,SP,3.6/6,A6,X,22,34
DODGE JOURNEY FFV,SP,3.6/6,A6,E,17,26
DODGE JOURNEY FFV,SP,3.6/6,A6,X,22,36
FIAT 500 ABARTH,S,1.4/4,M5,X,40,50
FIAT 500 ABARTH CABRIO,S,1.4/4,M5,X,40,50
FIAT 500 CABRIO,S,1.4/4,A6,X,38,50
FIAT 500 CABRIO,S,1.4/4,M5,X,42,54
FIAT 500 HATCHBACK,S,1.4/4,A6,X,38,50
FIAT 500 HATCHBACK,S,1.4/4,M5,X,44,58
FIAT 500 HATCHBACK TURBO,S,1.4/4,M5,X,40,50
FORD C-MAX HYBRID,L,2.0/4,AV,X,67,58
FORD E150 VAN FFV,F,4.6/8,A4,E,13,17
FORD E150 VAN FFV,F,4.6/8,A4,X,18,23
FORD E150 VAN FFV,F,5.4/8,A4,E,13,17
FORD E150 VAN FFV,F,5.4/8,A4,X,16,23
FORD E150 WAGON FFV,F,4.6/8,A4,E,12,16
FORD E150 WAGON FFV,F,4.6/8,A4,X,17,23
FORD E150 WAGON FFV,F,5.4/8,A4,E,12,16
FORD E150 WAGON FFV,F,5.4/8,A4,X,16,22
FORD E350 WAGON FFV,F,5.4/8,A4,E,12,16
FORD E350 WAGON FFV,F,5.4/8,A4,X,15,21
FORD EDGE,SP,2.0/4,A6,X,29,43
FORD EDGE,SP,3.5/6,AS6,X,25,39
FORD EDGE AWD,SP,3.5/6,AS6,X,24,36
FORD EDGE AWD,SP,3.7/6,AS6,X,23,32
FORD ESCAPE,SP,1.6/4,AS6,X,31,47
FORD ESCAPE,SP,2.0/4,AS6,X,30,42
FORD ESCAPE,SP,2.5/4,AS6,X,30,45
FORD ESCAPE AWD,SP,1.6/4,AS6,X,31,43
FORD ESCAPE AWD,SP,2.0/4,AS6,X,29,41
FORD EXPEDITION 4X4 FFV,SP,5.4/8,A6,E,13,18
FORD EXPEDITION 4X4 FFV,SP,5.4/8,A6,X,17,25
FORD EXPLORER,SP,2.0/4,A6,X,27,40
FORD EXPLORER FFV,SP,3.5/6,AS6,E,17,26
FORD EXPLORER FFV,SP,3.5/6,AS6,X,23,34
FORD EXPLORER FFV AWD,SP,3.5/6,AS6,E,17,24
FORD EXPLORER FFV AWD,SP,3.5/6,AS6,X,22,32
FORD F150,PU,3.5/6,A6,X,22,31
FORD F150,PU,3.5/6,AS6,X,22,31
FORD F150,PU,6.2/8,AS6,X,17,26
FORD F150 4X4,PU,3.5/6,A6,X,20,29
FORD F150 4X4,PU,3.5/6,AS6,X,20,29
FORD F150 4X4,PU,6.2/8,AS6,X,16,23
FORD F150 FFV,PU,3.7/6,A6,E,16,24
FORD F150 FFV,PU,3.7/6,AS6,E,17,24
FORD F150 FFV,PU,3.7/6,A6,X,23,32
FORD F150 FFV,PU,3.7/6,AS6,X,23,32
FORD F150 FFV,PU,5.0/8,A6,E,15,21
FORD F150 FFV,PU,5.0/8,AS6,E,15,21
FORD F150 FFV,PU,5.0/8,A6,X,20,29
FORD F150 FFV,PU,5.0/8,AS6,X,20,29
FORD F150 FFV 4X4,PU,3.7/6,A6,E,16,22
FORD F150 FFV 4X4,PU,3.7/6,AS6,E,16,22
FORD F150 FFV 4X4,PU,3.7/6,A6,X,21,29
FORD F150 FFV 4X4,PU,3.7/6,AS6,X,21,29
FORD F150 FFV 4X4,PU,5.0/8,A6,E,14,19
FORD F150 FFV 4X4,PU,5.0/8,AS6,E,14,19
FORD F150 FFV 4X4,PU,5.0/8,A6,X,19,27
FORD F150 FFV 4X4,PU,5.0/8,AS6,X,19,26
FORD FIESTA,S,1.6/4,A6,X,41,55
FORD FIESTA,S,1.6/4,M5,X,41,55
FORD FIESTA SFE,S,1.6/4,A6,X,41,58
FORD FLEX,SP,3.5/6,AS6,X,24,35
FORD FLEX AWD NA,SP,3.5/6,AS6,X,23,33
FORD FLEX AWD TC,SP,3.5/6,AS6,X,22,32
FORD FOCUS,C,2.0/4,M6,X,32,46
FORD FOCUS FFV,C,2.0/4,A6,E,28,41
FORD FOCUS FFV,C,2.0/4,M5,E,27,38
FORD FOCUS FFV,C,2.0/4,AS6,E,28,41
FORD FOCUS FFV,C,2.0/4,A6,X,38,55
FORD FOCUS FFV,C,2.0/4,M5,X,36,51
FORD FOCUS FFV,C,2.0/4,AS6,X,38,55
FORD FOCUS SFE FFV,C,2.0/4,A6,E,28,40
FORD FOCUS SFE FFV,C,2.0/4,A6,X,39,59
FORD FUSION,M,1.6/4,M6,X,35,53
FORD FUSION,M,1.6/4,AS6,X,32,51
FORD FUSION,M,2.0/4,AS6,X,31,48
FORD FUSION,M,2.5/4,AS6,X,31,49
FORD FUSION (Auto Start-Stop),M,1.6/4,AS6,X,33,53
FORD FUSION AWD,M,2.0/4,AS6,X,30,45
FORD FUSION HYBRID,M,2.0/4,AV,X,71,69
FORD MUSTANG,S,3.7/6,A6,X,26,45
FORD MUSTANG,S,3.7/6,M6,X,25,42
FORD MUSTANG,S,5.0/8,A6,X,24,36
FORD MUSTANG,S,5.0/8,M6,X,20,36
FORD MUSTANG,S,5.8/8,M6,Z,20,33
FORD MUSTANG CONVERTIBLE,S,3.7/6,A6,X,26,41
FORD TAURUS,L,2.0/4,AS6,X,31,46
FORD TAURUS AWD,L,3.5/6,AS6,X,23,36
FORD TAURUS FFV,L,3.5/6,AS6,E,18,30
FORD TAURUS FFV,L,3.5/6,AS6,X,26,41
FORD TAURUS FFV AWD,L,3.5/6,AS6,E,17,27
FORD TAURUS FFV AWD,L,3.5/6,AS6,X,25,37
FORD TRANSIT CONNECT VAN,F,2.0/4,A4,X,29,38
FORD TRANSIT CONNECT WAGON,SP,2.0/4,A4,X,30,38
GMC ACADIA,SP,3.6/6,A6,X,22,34
GMC ACADIA AWD,SP,3.6/6,A6,X,21,32
GMC SAVANA 1500 CARGO,F,4.3/6,A4,X,20,28
GMC SAVANA 1500 CARGO,F,5.3/8,A4,X,17,25
GMC SAVANA 1500 CARGO,F,5.3/8,A4,E,13,19
GMC SAVANA 1500 CARGO AWD,F,5.3/8,A4,X,17,23
GMC SAVANA 1500 CARGO AWD,F,5.3/8,A4,E,12,17
GMC SAVANA 1500 CARGO CONV,F,5.3/8,A4,X,17,24
GMC SAVANA 1500 CARGO CONV,F,5.3/8,A4,E,13,18
GMC SAVANA 1500 CARGO CONV AWD,F,5.3/8,A4,X,17,23
GMC SAVANA 1500 CARGO CONV AWD,F,5.3/8,A4,E,12,17
GMC SAVANA 1500 PASSENGER,F,5.3/8,A4,X,17,24
GMC SAVANA 1500 PASSENGER,F,5.3/8,A4,E,13,18
GMC SAVANA 1500 PASSENGER AWD,F,5.3/8,A4,X,17,23
GMC SAVANA 1500 PASSENGER AWD,F,5.3/8,A4,E,12,17
GMC SAVANA 2500 PASSENGER,F,4.8/8,A6,X,15,23
GMC SAVANA 2500 PASSENGER,F,4.8/8,A6,E,11,17
GMC SAVANA 2500 PASSENGER,F,6.0/8,A6,X,14,22
GMC SAVANA 2500 PASSENGER,F,6.0/8,A6,E,10,16
GMC SAVANA 3500 PASSENGER,F,4.8/8,A6,X,15,23
GMC SAVANA 3500 PASSENGER,F,4.8/8,A6,E,11,17
GMC SAVANA 3500 PASSENGER,F,6.0/8,A6,X,14,22
GMC SAVANA 3500 PASSENGER,F,6.0/8,A6,E,10,16
GMC SIERRA,PU,4.3/6,A4,X,20,28
GMC SIERRA,PU,4.8/8,A4,X,19,27
GMC SIERRA,PU,4.8/8,A4,E,14,20
GMC SIERRA,PU,5.3/8,A6,X,20,30
GMC SIERRA,PU,5.3/8,A6,E,14,23
GMC SIERRA,PU,6.2/8,A6,Z,17,25
GMC SIERRA,PU,6.2/8,A6,E,12,19
GMC SIERRA 4WD,PU,4.3/6,A4,X,19,25
GMC SIERRA 4WD,PU,4.8/8,A4,X,18,25
GMC SIERRA 4WD,PU,4.8/8,A4,E,13,19
GMC SIERRA 4WD,PU,5.3/8,A6,X,20,30
GMC SIERRA 4WD,PU,5.3/8,A6,E,14,23
GMC SIERRA 4WD,PU,6.2/8,A6,Z,16,25
GMC SIERRA 4WD,PU,6.2/8,A6,E,12,18
GMC SIERRA DENALI AWD,PU,6.2/8,A6,Z,16,25
GMC SIERRA DENALI AWD,PU,6.2/8,A6,E,12,19
GMC SIERRA HYBRID,PU,6.0/8,AV,X,28,34
GMC SIERRA HYBRID 4WD,PU,6.0/8,AV,X,28,33
GMC SIERRA XFE,PU,5.3/8,A6,X,21,31
GMC SIERRA XFE,PU,5.3/8,A6,E,15,23
GMC TERRAIN,SP,2.4/4,A6,X,31,46
GMC TERRAIN,SP,3.6/6,A6,X,23,35
GMC TERRAIN,SP,3.6/6,A6,E,17,25
GMC TERRAIN AWD,SP,2.4/4,A6,X,28,41
GMC TERRAIN AWD,SP,3.6/6,A6,X,21,34
GMC TERRAIN AWD,SP,3.6/6,A6,E,16,24
GMC YUKON,SP,5.3/8,A6,X,20,30
GMC YUKON,SP,5.3/8,A6,E,14,23
GMC YUKON 4WD,SP,5.3/8,A6,X,20,30
GMC YUKON 4WD,SP,5.3/8,A6,E,14,23
GMC YUKON DENALI AWD,SP,6.2/8,A6,Z,18,28
GMC YUKON DENALI AWD,SP,6.2/8,A6,E,13,20
GMC YUKON DENALI HYBRID 4WD,SP,6.0/8,AV,X,27,33
GMC YUKON DENALI XL AWD,SP,6.2/8,A6,Z,17,25
GMC YUKON DENALI XL AWD,SP,6.2/8,A6,E,12,18
GMC YUKON HYBRID,SP,6.0/8,AV,X,28,34
GMC YUKON HYBRID 4WD,SP,6.0/8,AV,X,27,33
GMC YUKON XL,SP,5.3/8,A6,X,20,30
GMC YUKON XL,SP,5.3/8,A6,E,14,23
GMC YUKON XL 4WD,SP,5.3/8,A6,X,20,30
GMC YUKON XL 4WD,SP,5.3/8,A6,E,14,23
GMC YUKON XL 4WD HD,SP,6.0/8,A6,X,14,22
GMC YUKON XL HD,SP,6.0/8,A6,X,14,22
HONDA ACCORD,M,2.4/4,AV,X,36,51
HONDA ACCORD,M,2.4/4,M6,X,32,50
HONDA ACCORD,M,2.4/4,AV7,X,36,51
HONDA ACCORD,M,3.5/6,A6,X,29,50
HONDA ACCORD,M,3.5/6,M6,X,25,40
HONDA ACCORD,M,3.5/6,AS6,X,28,46
HONDA CIVIC,C,1.8/4,A5,X,40,56
HONDA CIVIC,C,1.8/4,M5,X,39,52
HONDA CIVIC,C,2.4/4,M6,Z,28,44
HONDA CIVIC HYBRID,C,1.5/4,AV,X,64,67
HONDA CROSSTOUR,SP,2.4/4,A5,X,30,44
HONDA CROSSTOUR,SP,3.5/6,A6,X,27,43
HONDA CROSSTOUR AWD,SP,3.5/6,A6,X,25,40
HONDA CR-V,SP,2.4/4,A5,X,31,44
HONDA CR-V AWD,SP,2.4/4,A5,X,31,43
HONDA CR-Z,T,1.5/4,M6,X,44,55
HONDA CR-Z,T,1.5/4,AV7,X,52,56
HONDA FIT,W,1.5/4,A5,X,40,52
HONDA FIT,W,1.5/4,M5,X,40,50
HONDA INSIGHT,C,1.3/4,AV,X,60,64
HONDA INSIGHT EX,C,1.3/4,AV7,X,60,66
HONDA ODYSSEY,V,3.5/6,A5,X,24,39
HONDA ODYSSEY TOURING,V,3.5/6,A6,X,26,40
HONDA PILOT,SP,3.5/6,A5,X,24,36
HONDA PILOT AWD,SP,3.5/6,A5,X,23,34
HONDA RIDGELINE AWD,PU,3.5/6,A5,X,21,29
HYUNDAI ACCENT,C,1.6/4,AS6,X,39,54
HYUNDAI ACCENT,C,1.6/4,M6,X,40,53
HYUNDAI ELANTRA,M,1.8/4,AS6,X,39,54
HYUNDAI ELANTRA,M,1.8/4,M6,X,40,54
HYUNDAI ELANTRA COUPE,M,1.8/4,AS6,X,37,53
HYUNDAI ELANTRA COUPE,M,1.8/4,M6,X,39,54
HYUNDAI ELANTRA GT,M,1.8/4,AS6,X,37,53
HYUNDAI ELANTRA GT,M,1.8/4,M6,X,36,53
HYUNDAI EQUUS,L,5.0/8,AS8,Z,21,33
HYUNDAI GENESIS,L,3.8/6,AS8,X,25,39
HYUNDAI GENESIS COUPE,S,2.0/4,AS8,Z,27,44
HYUNDAI GENESIS COUPE,S,2.0/4,M6,Z,28,43
HYUNDAI GENESIS COUPE,S,3.8/6,AS8,Z,25,40
HYUNDAI GENESIS COUPE,S,3.8/6,M6,Z,25,39
HYUNDAI GENESIS R SPEC,L,5.0/8,AS8,Z,21,33
HYUNDAI SANTA FE SPORT,SP,2.0/4,AS6,X,27,38
HYUNDAI SANTA FE SPORT,SP,2.4/4,AS6,X,28,42
HYUNDAI SANTA FE SPORT 4WD,SP,2.0/4,AS6,X,26,34
HYUNDAI SANTA FE SPORT 4WD,SP,2.4/4,AS6,X,27,37
HYUNDAI SONATA,L,2.0/4,AS6,X,31,49
HYUNDAI SONATA,L,2.4/4,AS6,X,32,50
HYUNDAI TUCSON,SP,2.0/4,AS6,X,30,42
HYUNDAI TUCSON,SP,2.0/4,M5,X,27,37
HYUNDAI TUCSON,SP,2.4/4,AS6,X,29,43
HYUNDAI TUCSON 4WD,SP,2.4/4,AS6,X,28,38
HYUNDAI VELOSTER,C,1.6/4,AM6,X,39,54
HYUNDAI VELOSTER,C,1.6/4,M6,X,38,53
HYUNDAI VELOSTER TURBO,C,1.6/4,AS6,X,33,49
HYUNDAI VELOSTER TURBO,C,1.6/4,M6,X,34,50
INFINITI FX37 AWD,SP,3.7/6,AS7,Z,22,31
INFINITI FX50 AWD,SP,5.0/8,AS7,Z,19,28
INFINITI G37 CONVERTIBLE,S,3.7/6,AS7,Z,24,36
INFINITI G37 CONVERTIBLE,S,3.7/6,M6,Z,22,34
INFINITI G37 COUPE,S,3.7/6,AS7,Z,26,38
INFINITI G37 COUPE,S,3.7/6,M6,Z,23,36
INFINITI G37x COUPE,S,3.7/6,AS7,Z,24,36
INFINITI JX35 AWD,SP,3.5/6,AV,Z,25,33
INFINITI M35h,M,3.5/6,AS7,Z,38,46
INFINITI M37,M,3.7/6,AS7,Z,25,38
INFINITI M37x,M,3.7/6,AS7,Z,24,34
INFINITI M56,M,5.6/8,AS7,Z,22,35
INFINITI M56x,M,5.6/8,AS7,Z,21,33
JAGUAR XF I4T,M,2.0/4,AS8,Z,26,41
JAGUAR XF V6 SUPERCHARGED AWD,M,3.0/6,AS8,Z,22,37
JAGUAR XFR,M,5.0/8,AS8,Z,20,32
JAGUAR XFR-S,M,5.0/8,AS8,Z,20,32
JAGUAR XJ 3.0 AWD,L,3.0/6,AS8,Z,22,35
JAGUAR XJ SUPERCHARGED,L,5.0/8,AS8,Z,20,33
JAGUAR XJ SUPERSPORT,L,5.0/8,AS8,Z,20,33
JAGUAR XJL 3.0 AWD,L,3.0/6,AS8,Z,21,35
JAGUAR XJL SUPERCHARGED,L,5.0/8,AS8,Z,20,33
JAGUAR XJL SUPERSPORT,L,5.0/8,AS8,Z,20,33
JAGUAR XJL ULTIMATE,L,5.0/8,AS8,Z,20,33
JAGUAR XK CONVERTIBLE,S,5.0/8,AS6,Z,21,31
JAGUAR XK COUPE,S,5.0/8,AS6,Z,21,34
JAGUAR XKR CONVERTIBLE,S,5.0/8,AS6,Z,20,31
JAGUAR XKR COUPE,S,5.0/8,AS6,Z,20,31
JAGUAR XKR-S CONVERTIBLE,S,5.0/8,AS6,Z,20,31
JAGUAR XKR-S COUPE,S,5.0/8,AS6,Z,20,31
JEEP COMPASS,SP,2.0/4,AV,X,30,39
JEEP COMPASS,SP,2.0/4,M5,X,32,43
JEEP COMPASS,SP,2.4/4,AV,X,29,39
JEEP COMPASS,SP,2.4/4,M5,X,31,40
JEEP COMPASS 4X4,SP,2.4/4,AV,X,29,37
JEEP COMPASS 4X4,SP,2.4/4,M5,X,31,39
JEEP GRAND CHEROKEE 4X4 (FuelSaver MDS),SP,5.7/8,A6,X,17,28
JEEP GRAND CHEROKEE 4X4 FFV,SP,3.6/6,A5,E,16,24
JEEP GRAND CHEROKEE 4X4 FFV,SP,3.6/6,A5,X,22,32
JEEP GRAND CHEROKEE 4X4 SRT (FuelSaver MDS),SP,6.4/8,A5,Z,17,25
JEEP PATRIOT,SP,2.0/4,AV,X,30,39
JEEP PATRIOT,SP,2.0/4,M5,X,32,43
JEEP PATRIOT,SP,2.4/4,AV,X,29,39
JEEP PATRIOT,SP,2.4/4,M5,X,31,40
JEEP PATRIOT 4X4,SP,2.4/4,AV,X,29,37
JEEP PATRIOT 4X4,SP,2.4/4,M5,X,31,39
JEEP WRANGLER 4X4 (2-DOOR),SP,3.6/6,A5,X,22,30
JEEP WRANGLER 4X4 (2-DOOR),SP,3.6/6,M6,X,22,30
JEEP WRANGLER UNLIMITED 4X4 (4-DOOR),SP,3.6/6,A5,X,21,28
JEEP WRANGLER UNLIMITED 4X4 (4-DOOR),SP,3.6/6,M6,X,21,29
KIA FORTE,M,2.0/4,AS6,X,35,51
KIA FORTE,M,2.0/4,M6,X,35,50
KIA FORTE,M,2.4/4,AS6,X,31,46
KIA FORTE,M,2.4/4,M6,X,31,46
KIA FORTE KOUP,C,2.0/4,AS6,X,35,50
KIA FORTE KOUP,C,2.0/4,M6,X,34,47
KIA FORTE KOUP,C,2.4/4,AS6,X,31,44
KIA FORTE KOUP,C,2.4/4,M6,X,31,46
KIA OPTIMA,M,2.0/4,AS6,X,31,49
KIA OPTIMA,M,2.4/4,AS6,X,33,50
KIA OPTIMA,M,2.4/4,M6,X,32,50
KIA RIO,C,1.6/4,AS6,X,40,51
KIA RIO,C,1.6/4,M6,X,41,53
KIA RIO ECO,C,1.6/4,AS6,X,42,52
KIA SORENTO,SP,2.4/4,AS6,X,29,43
KIA SORENTO,SP,3.5/6,AS6,X,27,37
KIA SORENTO 4WD,SP,2.4/4,AS6,X,27,38
KIA SORENTO 4WD,SP,3.5/6,AS6,X,25,34
KIA SOUL,W,1.6/4,AS6,X,35,43
KIA SOUL,W,1.6/4,M6,X,35,43
KIA SOUL,W,2.0/4,AS6,X,32,40
KIA SOUL,W,2.0/4,M6,X,33,42
KIA SOUL ECO,W,2.0/4,AS6,X,33,42
KIA SPORTAGE,SP,2.4/4,AS6,X,29,43
KIA SPORTAGE,SP,2.4/4,M6,X,27,39
KIA SPORTAGE 4WD,SP,2.0/4,AS6,X,27,35
KIA SPORTAGE 4WD,SP,2.4/4,AS6,X,28,38
LAMBORGHINI AVENTADOR COUPE,T,6.5/12,AM7,Z,14,26
LAMBORGHINI AVENTADOR ROADSTER,T,6.5/12,AM7,Z,12,22
LAMBORGHINI GALLARDO COUPE,T,5.2/10,M6,Z,15,25
LAMBORGHINI GALLARDO COUPE,T,5.2/10,AS6,Z,17,26
LAMBORGHINI GALLARDO SPYDER,T,5.2/10,AS6,Z,17,26
LAMBORGHINI GALLARDO SPYDER,T,5.2/10,M6,Z,14,23
LAND ROVER LR2,SP,2.0/4,AS6,Z,24,34
LAND ROVER LR4,SP,5.0/8,AS6,Z,17,24
LAND ROVER RANGE ROVER,SP,5.0/8,AS8,Z,18,28
LAND ROVER RANGE ROVER EVOQUE,SP,2.0/4,AS6,Z,27,40
LAND ROVER RANGE ROVER EVOQUE COUPE,SP,2.0/4,AS6,Z,27,40
LAND ROVER RANGE ROVER SPORT,SP,5.0/8,AS6,Z,17,25
LAND ROVER RANGE ROVER SPORT SC,SP,5.0/8,AS6,Z,16,24
LAND ROVER RANGE ROVER SUPERCHARGED,SP,5.0/8,AS8,Z,17,27
LEXUS CT 200h,C,1.8/4,AV,X,63,59
LEXUS ES 300h,M,2.5/4,AS6,X,60,55
LEXUS ES 350,M,3.5/6,AS6,X,29,44
LEXUS GS 350,M,3.5/6,AS6,Z,26,40
LEXUS GS 350 AWD,M,3.5/6,AS6,Z,25,37
LEXUS GS 450h,M,3.5/6,AS6,Z,43,46
LEXUS GX 460,SP,4.6/8,AS6,Z,20,29
LEXUS IS 250,S,2.5/6,AS6,Z,29,43
LEXUS IS 250 AWD,S,2.5/6,AS6,Z,28,39
LEXUS IS 250C,S,2.5/6,AS6,Z,29,43
LEXUS IS 350,S,3.5/6,AS6,Z,26,39
LEXUS IS 350 AWD,S,3.5/6,AS6,Z,26,37
LEXUS IS 350C,S,3.5/6,AS6,Z,26,39
LEXUS IS F,S,5.0/8,AS8,Z,22,33
LEXUS LS 460,M,4.6/8,AS8,Z,22,34
LEXUS LS 460 AWD,M,4.6/8,AS8,Z,21,32
LEXUS LS 460 L AWD,M,4.6/8,AS8,Z,21,32
LEXUS LS 600h L,M,5.0/8,AS8,Z,27,31
LEXUS LX 570,SP,5.7/8,AS6,Z,17,24
LEXUS RX 350 AWD,SP,3.5/6,AS6,X,24,34
LEXUS RX 350 AWD,SP,3.5/6,AS8,X,25,37
LEXUS RX 450h AWD,SP,3.5/6,AS6,Z,42,39
LINCOLN MKS AWD,L,3.5/6,AS6,X,23,36
LINCOLN MKS AWD,L,3.7/6,AS6,X,24,38
LINCOLN MKT AWD,SP,3.5/6,AS6,X,22,32
LINCOLN MKT LIVERY,SP,2.0/4,AS6,X,28,40
LINCOLN MKT LIVERY AWD,SP,3.7/6,A6,X,23,34
LINCOLN MKX AWD,SP,3.7/6,AS6,X,23,32
LINCOLN MKZ,M,2.0/4,AS6,X,31,48
LINCOLN MKZ AWD,M,3.7/6,AS6,X,25,37
LINCOLN MKZ HYBRID,M,2.0/4,AV,X,67,66
LINCOLN NAVIGATOR 4X4 FFV,SP,5.4/8,A6,E,13,18
LINCOLN NAVIGATOR 4X4 FFV,SP,5.4/8,A6,X,17,25
MASERATI GRANTURISMO,S,4.7/8,AS6,Z,17,28
MASERATI GRANTURISMO CONVERTIBLE,S,4.7/8,AS6,Z,17,28
MASERATI QUATTROPORTE,L,4.7/8,AS6,Z,16,27
MAZDA CX-5,SP,2.0/4,M6,X,36,50
MAZDA CX-5,SP,2.0/4,AS6,X,37,46
MAZDA CX-5 4WD,SP,2.0/4,AS6,X,35,44
MAZDA CX-9,SP,3.7/6,AS6,X,22,34
MAZDA CX-9 4WD,SP,3.7/6,AS6,X,22,31
MAZDA MAZDA2,C,1.5/4,A4,X,40,49
MAZDA MAZDA2,C,1.5/4,M5,X,42,50
MAZDA MAZDA3 DI 4-DOOR,C,2.0/4,M6,X,37,56
MAZDA MAZDA3 DI 4-DOOR,C,2.0/4,AS6,X,40,58
MAZDA MAZDA3 DI 5-DOOR,M,2.0/4,M6,X,37,55
MAZDA MAZDA3 DI 5-DOOR,M,2.0/4,AS6,X,40,56
MAZDA MAZDA3 L5X,C,2.5/4,M6,X,28,40
MAZDA MAZDA3 L5X,C,2.5/4,AS5,X,31,42
MAZDA MAZDA3 LFX,C,2.0/4,M5,X,34,47
MAZDA MAZDA3 LFX,C,2.0/4,AS5,X,32,47
MAZDA MAZDA5,V,2.5/4,AS5,X,30,42
MAZDA MAZDA5,V,2.5/4,M6,X,29,42
MAZDA MAZDA6,M,2.5/4,M6,X,29,43
MAZDA MAZDA6,M,2.5/4,AS5,X,30,44
MAZDA MAZDA6,M,3.7/6,AS6,X,24,37
MAZDA MAZDASPEED3,M,2.3/4,M6,Z,25,35
MAZDA MX-5,T,2.0/4,M5,Z,31,40
MAZDA MX-5,T,2.0/4,M6,Z,29,40
MAZDA MX-5,T,2.0/4,AS6,Z,28,39
MERCEDES-BENZ B 250,W,2.0/4,AS7,Z,36,51
MERCEDES-BENZ C 250,C,1.8/4,AS7,Z,30,46
MERCEDES-BENZ C 250 COUPE,S,1.8/4,AS7,Z,29,46
MERCEDES-BENZ C 300 4MATIC FFV,C,3.5/6,AS7,Z,27,39
MERCEDES-BENZ C 300 4MATIC FFV,C,3.5/6,AS7,E,19,28
MERCEDES-BENZ C 350,C,3.5/6,AS7,Z,27,39
MERCEDES-BENZ C 350 4MATIC,C,3.5/6,AS7,Z,27,39
MERCEDES-BENZ C 350 COUPE,S,3.5/6,AS7,Z,26,39
MERCEDES-BENZ C 350 COUPE 4MATIC,S,3.5/6,AS7,Z,26,39
MERCEDES-BENZ C 63 AMG,C,6.2/8,AS7,Z,18,28
MERCEDES-BENZ C 63 AMG COUPE,S,6.2/8,AS7,Z,18,28
MERCEDES-BENZ CL 550 4MATIC,C,4.7/8,AS7,Z,20,32
MERCEDES-BENZ CL 600,C,5.5/12,AS5,Z,16,25
MERCEDES-BENZ CL 63 AMG,C,5.5/8,AS7,Z,20,30
MERCEDES-BENZ CL 65 AMG,C,6.0/12,AS5,Z,16,26
MERCEDES-BENZ CLS 550 4MATIC,C,4.7/8,AS7,Z,22,34
MERCEDES-BENZ CLS 63 AMG,C,5.5/8,AS7,Z,21,33
MERCEDES-BENZ E 300 4MATIC,M,3.5/6,AS7,Z,25,40
MERCEDES-BENZ E 350 4MATIC,M,3.5/6,AS7,Z,26,41
MERCEDES-BENZ E 350 4MATIC COUPE,S,3.5/6,AS7,Z,26,39
MERCEDES-BENZ E 350 4MATIC COUPE,S,3.5/6,AS7,E,19,29
MERCEDES-BENZ E 350 4MATIC WAGON,W,3.5/6,AS7,Z,25,39
MERCEDES-BENZ E 350 BLUETEC,M,3.0/6,AS7,D,30,48
MERCEDES-BENZ E 350 CABRIOLET FFV,S,3.5/6,AS7,Z,26,40
MERCEDES-BENZ E 350 CABRIOLET FFV,S,3.5/6,AS7,E,18,27
MERCEDES-BENZ E 350 COUPE FFV,S,3.5/6,AS7,Z,27,40
MERCEDES-BENZ E 350 COUPE FFV,S,3.5/6,AS7,E,20,30
MERCEDES-BENZ E 400 HYBRID,M,3.5/6,AS7,Z,34,43
MERCEDES-BENZ E 550 4MATIC,S,4.7/8,AS7,Z,22,35
MERCEDES-BENZ E 550 CABRIOLET,S,4.7/8,AS7,Z,23,36
MERCEDES-BENZ E 550 COUPE,S,4.7/8,AS7,Z,24,38
MERCEDES-BENZ E 63 AMG,M,5.5/8,AS7,Z,21,32
MERCEDES-BENZ E 63 AMG WAGON,W,5.5/8,AS7,Z,20,31
MERCEDES-BENZ G 550,SP,5.5/8,AS7,Z,16,21
MERCEDES-BENZ G 63 AMG,SP,5.5/8,AS7,Z,16,21
MERCEDES-BENZ GL 350 BLUETEC 4MATIC,SP,3.0/6,AS7,D,26,37
MERCEDES-BENZ GL 450 4MATIC,SP,4.7/8,AS7,Z,18,25
MERCEDES-BENZ GL 550 4MATIC,SP,4.7/8,AS7,Z,18,25
MERCEDES-BENZ GL 63 AMG,SP,5.5/8,AS7,Z,18,25
MERCEDES-BENZ GLK 350 4MATIC,SP,3.5/6,AS7,Z,25,35
MERCEDES-BENZ ML 350 4MATIC,SP,3.5/6,AS7,Z,24,32
MERCEDES-BENZ ML 350 4MATIC,SP,3.5/6,AS7,E,18,24
MERCEDES-BENZ ML 350 BLUETEC 4MATIC,SP,3.0/6,AS7,D,27,40
MERCEDES-BENZ ML 550 4MATIC,SP,4.7/8,AS7,Z,19,28
MERCEDES-BENZ ML 63 AMG,SP,5.5/8,AS7,Z,18,25
MERCEDES-BENZ R 350 4MATIC,SP,3.5/6,AS7,Z,21,29
MERCEDES-BENZ R 350 BLUETEC 4MATIC,SP,3.0/6,AS7,D,24,34
MERCEDES-BENZ S 350 BLUETEC 4MATIC,L,3.0/6,AS7,D,28,45
MERCEDES-BENZ S 400 HYBRID,L,3.5/6,AS7,Z,25,37
MERCEDES-BENZ S 550 4MATIC LWB,L,4.7/8,AS7,Z,20,32
MERCEDES-BENZ S 550 4MATIC SWB,L,4.7/8,AS7,Z,20,32
MERCEDES-BENZ S 600,L,5.5/12,AS5,Z,15,25
MERCEDES-BENZ S 63 AMG,L,5.5/8,AS7,Z,20,31
MERCEDES-BENZ S 65 AMG,L,6.0/12,AS5,Z,16,26
MERCEDES-BENZ SL 550,T,4.7/8,AS7,Z,24,35
MERCEDES-BENZ SL 63 AMG,T,5.5/8,AS7,Z,21,33
MERCEDES-BENZ SLK 250,T,1.8/4,AS7,Z,31,47
MERCEDES-BENZ SLK 250,T,1.8/4,M6,Z,31,46
MERCEDES-BENZ SLK 350,T,3.5/6,AS7,Z,29,42
MERCEDES-BENZ SLK 55 AMG,T,5.5/8,AS7,Z,26,39
MERCEDES-BENZ SLS AMG COUPE,T,6.2/8,AS7,Z,17,26
MERCEDES-BENZ SLS AMG ROADSTER,T,6.2/8,AS7,Z,17,26
MINI COOPER,S,1.6/4,A6,Z,39,52
MINI COOPER,S,1.6/4,M6,Z,42,54
MINI COOPER CLUBMAN,S,1.6/4,A6,Z,37,50
MINI COOPER CLUBMAN,S,1.6/4,M6,Z,38,50
MINI COOPER CONVERTIBLE,S,1.6/4,A6,Z,37,50
MINI COOPER CONVERTIBLE,S,1.6/4,M6,Z,38,50
MINI COOPER COUNTRYMAN,C,1.6/4,A6,Z,35,43
MINI COOPER COUNTRYMAN,C,1.6/4,M6,Z,38,50
MINI COOPER COUPE,T,1.6/4,A6,Z,39,52
MINI COOPER COUPE,T,1.6/4,M6,Z,42,54
MINI COOPER ROADSTER,T,1.6/4,A6,Z,37,50
MINI COOPER ROADSTER,T,1.6/4,M6,Z,38,50
MINI COOPER S,S,1.6/4,A6,Z,36,49
MINI COOPER S,S,1.6/4,M6,Z,37,50
MINI COOPER S CLUBMAN,S,1.6/4,A6,Z,36,49
MINI COOPER S CLUBMAN,S,1.6/4,M6,Z,37,50
MINI COOPER S CONVERTIBLE,S,1.6/4,A6,Z,36,49
MINI COOPER S CONVERTIBLE,S,1.6/4,M6,Z,37,50
MINI COOPER S COUNTRYMAN,C,1.6/4,A6,Z,35,46
MINI COOPER S COUNTRYMAN,C,1.6/4,M6,Z,37,46
MINI COOPER S COUNTRYMAN ALL4,C,1.6/4,A6,Z,32,43
MINI COOPER S COUNTRYMAN ALL4,C,1.6/4,M6,Z,35,44
MINI COOPER S COUPE,T,1.6/4,A6,Z,36,49
MINI COOPER S COUPE,T,1.6/4,M6,Z,37,50
MINI COOPER S ROADSTER,T,1.6/4,A6,Z,36,49
MINI COOPER S ROADSTER,T,1.6/4,M6,Z,37,50
MINI JOHN COOPER WORKS,S,1.6/4,A6,Z,36,49
MINI JOHN COOPER WORKS,S,1.6/4,M6,Z,37,50
MINI JOHN COOPER WORKS CLUBMAN,S,1.6/4,A6,Z,36,49
MINI JOHN COOPER WORKS CLUBMAN,S,1.6/4,M6,Z,37,50
MINI JOHN COOPER WORKS CONVERTIBLE,S,1.6/4,A6,Z,36,49
MINI JOHN COOPER WORKS CONVERTIBLE,S,1.6/4,M6,Z,37,50
MINI JOHN COOPER WORKS COUNTRYMAN ALL4,C,1.6/4,A6,Z,32,43
MINI JOHN COOPER WORKS COUNTRYMAN ALL4,C,1.6/4,M6,Z,35,44
MINI JOHN COOPER WORKS COUPE,T,1.6/4,A6,Z,36,49
MINI JOHN COOPER WORKS COUPE,T,1.6/4,M6,Z,37,50
MINI JOHN COOPER WORKS ROADSTER,T,1.6/4,A6,Z,36,49
MINI JOHN COOPER WORKS ROADSTER,T,1.6/4,M6,Z,37,50
MITSUBISHI LANCER,C,2.0/4,M5,X,34,50
MITSUBISHI LANCER,C,2.0/4,AV6,X,36,49
MITSUBISHI LANCER AWD,C,2.0/4,AM6,Z,24,36
MITSUBISHI LANCER AWD,C,2.4/4,AV6,X,31,41
MITSUBISHI LANCER EVOLUTION,C,2.0/4,AM6,Z,22,32
MITSUBISHI LANCER EVOLUTION,C,2.0/4,M5,Z,23,32
MITSUBISHI LANCER SPORTBACK,W,2.0/4,M5,X,33,48
MITSUBISHI LANCER SPORTBACK,W,2.0/4,AV6,X,34,46
MITSUBISHI OUTLANDER,SP,2.4/4,AV6,X,31,40
MITSUBISHI OUTLANDER 4WD,SP,2.4/4,AV6,X,31,40
MITSUBISHI OUTLANDER 4WD,SP,3.0/6,AS6,Z,26,36
MITSUBISHI RVR,SP,2.0/4,M5,X,33,44
MITSUBISHI RVR,SP,2.0/4,AV6,X,35,46
MITSUBISHI RVR 4WD,SP,2.0/4,AV6,X,33,42
NISSAN 370Z,T,3.7/6,AS7,Z,25,36
NISSAN 370Z,T,3.7/6,M6,Z,24,36
NISSAN 370Z ROADSTER,T,3.7/6,AS7,Z,24,35
NISSAN 370Z ROADSTER,T,3.7/6,M6,Z,24,35
NISSAN ALTIMA,M,2.5/4,AV,X,38,56
NISSAN ALTIMA,M,3.5/6,AV,X,30,44
NISSAN ALTIMA COUPE,S,2.5/4,AV,X,32,46
NISSAN GT-R,S,3.8/6,AM6,Z,22,31
NISSAN JUKE,W,1.6/4,AV,Z,38,46
NISSAN JUKE,W,1.6/4,M6,Z,34,44
NISSAN JUKE AWD,W,1.6/4,AV,Z,35,43
NISSAN MAXIMA,M,3.5/6,AV,Z,26,37
NISSAN ROGUE,SP,2.5/4,AV,X,31,40
NISSAN ROGUE AWD,SP,2.5/4,AV,X,29,37
PORSCHE 911 CARRERA,S,3.4/6,AM7,Z,28,40
PORSCHE 911 CARRERA,S,3.4/6,M7,Z,26,39
PORSCHE 911 CARRERA 4,S,3.4/6,AM7,Z,27,40
PORSCHE 911 CARRERA 4,S,3.4/6,M7,Z,26,39
PORSCHE 911 CARRERA 4 CABRIOLET,S,3.4/6,AM7,Z,27,39
PORSCHE 911 CARRERA 4 CABRIOLET,S,3.4/6,M7,Z,25,38
PORSCHE 911 CARRERA 4S,S,3.8/6,AM7,Z,26,38
PORSCHE 911 CARRERA 4S,S,3.8/6,M7,Z,25,38
PORSCHE 911 CARRERA 4S CABRIOLET,S,3.8/6,AM7,Z,25,37
PORSCHE 911 CARRERA 4S CABRIOLET,S,3.8/6,M7,Z,25,37
PORSCHE 911 CARRERA CABRIOLET,S,3.4/6,AM7,Z,28,40
PORSCHE 911 CARRERA CABRIOLET,S,3.4/6,M7,Z,26,39
PORSCHE 911 CARRERA S,S,3.8/6,AM7,Z,26,39
PORSCHE 911 CARRERA S,S,3.8/6,M7,Z,25,39
PORSCHE 911 CARRERA S CABRIOLET,S,3.8/6,AM7,Z,26,39
PORSCHE 911 CARRERA S CABRIOLET,S,3.8/6,M7,Z,25,38
PORSCHE 911 TURBO,S,3.8/6,AM7,Z,22,35
PORSCHE 911 TURBO,S,3.8/6,M6,Z,22,34
PORSCHE 911 TURBO CABRIOLET,S,3.8/6,AM7,Z,21,34
PORSCHE 911 TURBO CABRIOLET,S,3.8/6,M6,Z,22,34
PORSCHE 911 TURBO S,S,3.8/6,AM7,Z,22,35
PORSCHE 911 TURBO S CABRIOLET,S,3.8/6,AM7,Z,21,34
PORSCHE BOXSTER,T,2.7/6,AM7,Z,30,46
PORSCHE BOXSTER,T,2.7/6,M6,Z,28,42
PORSCHE BOXSTER S,T,3.4/6,AM7,Z,29,43
PORSCHE BOXSTER S,T,3.4/6,M6,Z,27,39
PORSCHE CAYENNE,SP,3.6/6,A8,Z,23,33
PORSCHE CAYENNE,SP,3.6/6,M6,Z,20,30
PORSCHE CAYENNE DIESEL,SP,3.0/6,A8,D,26,42
PORSCHE CAYENNE GTS,SP,4.8/8,A8,Z,20,29
PORSCHE CAYENNE S,SP,4.8/8,A8,Z,21,32
PORSCHE CAYENNE S HYBRID,SP,3.0/6,A8,Z,27,34
PORSCHE CAYENNE TURBO,SP,4.8/8,A8,Z,20,30
PORSCHE PANAMERA,L,3.6/6,AM7,Z,24,38
PORSCHE PANAMERA 4,L,3.6/6,AM7,Z,24,37
PORSCHE PANAMERA 4S,L,4.8/8,AM7,Z,22,34
PORSCHE PANAMERA GTS,L,4.8/8,AM7,Z,21,33
PORSCHE PANAMERA S,L,4.8/8,AM7,Z,22,34
PORSCHE PANAMERA S HYBRID,L,3.0/6,A8,Z,33,42
PORSCHE PANAMERA TURBO,L,4.8/8,AM7,Z,20,33
PORSCHE PANAMERA TURBO S,L,4.8/8,AM7,Z,20,33
RAM 1500 (FuelSaver MDS),PU,5.7/8,A6,X,18,28
RAM 1500 (FuelSaver MDS),PU,5.7/8,A8,X,20,30
RAM 1500 4X4 (FuelSaver MDS),PU,5.7/8,A6,X,18,26
RAM 1500 4X4 (FuelSaver MDS),PU,5.7/8,A8,X,20,29
RAM 1500 FFV,PU,3.6/6,A8,E,17,25
RAM 1500 FFV,PU,3.6/6,A8,X,23,35
RAM 1500 FFV,PU,4.7/8,A6,E,13,17
RAM 1500 FFV,PU,4.7/8,A6,X,19,28
RAM 1500 FFV 4X4,PU,3.6/6,A8,E,15,23
RAM 1500 FFV 4X4,PU,3.6/6,A8,X,22,33
RAM 1500 FFV 4X4,PU,4.7/8,A6,E,13,17
RAM 1500 FFV 4X4,PU,4.7/8,A6,X,18,27
RAM 1500 HFE,PU,3.6/6,A8,X,25,36
RAM CARGO VAN FFV,F,3.6/6,A6,E,16,25
RAM CARGO VAN FFV,F,3.6/6,A6,X,23,36
ROLLS-ROYCE GHOST,L,6.6/12,A8,Z,16,27
ROLLS-ROYCE GHOST EWB,L,6.6/12,A8,Z,16,27
ROLLS-ROYCE PHANTOM,L,6.7/12,A6,Z,15,26
ROLLS-ROYCE PHANTOM COUPE,C,6.7/12,A6,Z,15,26
ROLLS-ROYCE PHANTOM DROPHEAD COUPE,C,6.7/12,A6,Z,15,26
ROLLS-ROYCE PHANTOM EWB,L,6.7/12,A6,Z,15,26
SCION FR-S,S,2.0/4,M6,Z,29,43
SCION FR-S,S,2.0/4,AS6,Z,34,49
SCION iQ,S,1.3/4,AV,X,51,60
SCION tC,C,2.5/4,M6,X,31,44
SCION tC,C,2.5/4,AS6,X,32,45
SCION xB,W,2.4/4,AS4,X,30,39
SCION xB,W,2.4/4,M5,X,30,39
SCION xD,S,1.8/4,A4,X,37,48
SCION xD,S,1.8/4,M5,X,38,48
SMART FORTWO CABRIOLET,T,1.0/3,AM5,Z,49,60
SMART FORTWO COUPE,T,1.0/3,AM5,Z,49,60
SRT VIPER,T,8.4/10,M6,Z,16,25
SRT VIPER GTS,T,8.4/10,M6,Z,16,25
SUBARU BRZ,S,2.0/4,M6,Z,29,43
SUBARU BRZ,S,2.0/4,AS6,Z,34,48
SUBARU FORESTER AWD,SP,2.5/4,M5,X,29,38
SUBARU FORESTER AWD,SP,2.5/4,AS4,X,29,38
SUBARU FORESTER AWD,SP,2.5/4,AS4,Z,26,34
SUBARU IMPREZA AWD,C,2.0/4,AV,X,38,51
SUBARU IMPREZA AWD,C,2.0/4,M5,X,34,48
SUBARU IMPREZA AWD,C,2.5/4,M5,Z,25,35
SUBARU IMPREZA AWD,C,2.5/4,M6,Z,22,32
SUBARU IMPREZA WAGON AWD,W,2.0/4,AV,X,38,51
SUBARU IMPREZA WAGON AWD,W,2.0/4,M5,X,34,48
SUBARU IMPREZA WAGON AWD,W,2.5/4,M5,Z,25,35
SUBARU IMPREZA WAGON AWD,W,2.5/4,M6,Z,22,32
SUBARU LEGACY AWD,M,2.5/4,AV,X,34,47
SUBARU LEGACY AWD,M,2.5/4,M6,X,29,40
SUBARU LEGACY AWD,M,3.6/6,AS5,X,24,34
SUBARU OUTBACK AWD,SP,2.5/4,AV,X,33,43
SUBARU OUTBACK AWD,SP,2.5/4,M6,X,29,40
SUBARU OUTBACK AWD,SP,3.6/6,AS5,X,24,34
SUBARU TRIBECA AWD,SP,3.6/6,AS5,X,22,30
SUBARU XV CROSSTREK AWD,SP,2.0/4,AV,X,34,47
SUBARU XV CROSSTREK AWD,SP,2.0/4,M5,X,32,42
SUZUKI GRAND VITARA URBAN/JX/JLX,SP,2.4/4,A4,X,25,33
SUZUKI KIZASHI S AWD,C,2.4/4,AV,X,30,42
SUZUKI KIZASHI SX/SPORT AWD,C,2.4/4,AV,X,30,42
SUZUKI SX4 CROSSOVER JA/JX AWD,W,2.0/4,M6,X,30,43
SUZUKI SX4 CROSSOVER JA/JX/JLX AWD,W,2.0/4,AV,X,31,42
SUZUKI SX4 HATCHBACK JA,W,2.0/4,AV,X,34,44
SUZUKI SX4 HATCHBACK JA,W,2.0/4,M6,X,31,45
SUZUKI SX4 HATCHBACK JX,W,2.0/4,AV,X,32,42
SUZUKI SX4 SEDAN JA,C,2.0/4,AV,X,35,46
SUZUKI SX4 SEDAN JA/JE,C,2.0/4,M6,X,31,47
SUZUKI SX4 SEDAN SPORT,C,2.0/4,AV,X,32,42
SUZUKI SX4 SEDAN SPORT,C,2.0/4,M6,X,31,46
TOYOTA 4RUNNER (Part-Time 4WD),SP,4.0/6,AS5,X,22,30
TOYOTA 4RUNNER 4WD,SP,4.0/6,AS5,X,22,30
TOYOTA AVALON,M,3.5/6,AS6,X,29,44
TOYOTA CAMRY,M,2.5/4,AS6,X,34,51
TOYOTA CAMRY,M,3.5/6,AS6,X,29,45
TOYOTA CAMRY HYBRID LE,M,2.5/4,AV,X,63,58
TOYOTA CAMRY HYBRID XLE,M,2.5/4,AV,X,60,55
TOYOTA COROLLA,C,1.8/4,A4,X,36,50
TOYOTA COROLLA,C,1.8/4,M5,X,38,50
TOYOTA COROLLA MATRIX,W,1.8/4,A4,X,34,44
TOYOTA COROLLA MATRIX,W,1.8/4,M5,X,37,46
TOYOTA COROLLA MATRIX,W,2.4/4,A4,X,28,37
TOYOTA COROLLA MATRIX,W,2.4/4,M5,X,30,40
TOYOTA COROLLA MATRIX,W,2.4/4,AS5,X,29,40
TOYOTA FJ CRUISER 4WD,SP,4.0/6,A5,X,22,30
TOYOTA FJ CRUISER 4WD,SP,4.0/6,M6,X,20,27
TOYOTA HIGHLANDER,SP,2.7/4,AS6,X,27,39
TOYOTA HIGHLANDER,SP,3.5/6,AS5,X,24,34
TOYOTA HIGHLANDER 4WD,SP,3.5/6,AS5,X,22,32
TOYOTA HIGHLANDER HYBRID 4WD,SP,3.5/6,AV,X,43,39
TOYOTA PRIUS,M,1.8/4,AV,X,76,71
TOYOTA PRIUS c,C,1.5/4,AV,X,81,71
TOYOTA PRIUS v,W,1.8/4,AV,X,66,59
TOYOTA RAV4,SP,2.5/4,AS6,X,32,44
TOYOTA RAV4 AWD,SP,2.5/4,AS6,X,31,42
TOYOTA RAV4 LIMITED AWD,SP,2.5/4,AS6,X,30,42
TOYOTA SEQUOIA 4WD,SP,5.7/8,AS6,X,16,24
TOYOTA SIENNA,V,2.7/4,AS6,X,27,38
TOYOTA SIENNA,V,3.5/6,AS6,X,25,36
TOYOTA SIENNA AWD,V,3.5/6,AS6,X,23,33
TOYOTA TACOMA,PU,2.7/4,A4,X,26,36
TOYOTA TACOMA,PU,2.7/4,M5,X,29,38
TOYOTA TACOMA,PU,4.0/6,M6,X,22,29
TOYOTA TACOMA 4WD,PU,2.7/4,A4,X,24,32
TOYOTA TACOMA 4WD,PU,2.7/4,M5,X,25,31
TOYOTA TACOMA 4WD,PU,4.0/6,A5,X,22,29
TOYOTA TACOMA 4WD,PU,4.0/6,M6,X,21,27
TOYOTA TUNDRA,PU,4.6/8,AS6,X,20,28
TOYOTA TUNDRA,PU,5.7/8,AS6,X,18,25
TOYOTA TUNDRA 4WD,PU,4.6/8,AS6,X,18,26
TOYOTA TUNDRA 4WD,PU,5.7/8,AS6,X,17,24
TOYOTA VENZA,SP,2.7/4,AS6,X,28,41
TOYOTA VENZA,SP,3.5/6,AS6,X,25,37
TOYOTA VENZA AWD,SP,2.7/4,AS6,X,28,40
TOYOTA VENZA AWD,SP,3.5/6,AS6,X,25,36
TOYOTA YARIS,C,1.5/4,A4,X,42,51
TOYOTA YARIS,C,1.5/4,M5,X,43,54
VOLKSWAGEN BEETLE,C,2.0/4,AS6,Z,29,43
VOLKSWAGEN BEETLE,C,2.0/4,M6,Z,27,42
VOLKSWAGEN BEETLE,C,2.5/5,AS6,X,30,40
VOLKSWAGEN BEETLE,C,2.5/5,M5,X,29,44
VOLKSWAGEN BEETLE CONVERTIBLE,S,2.5/5,AS6,X,29,39
VOLKSWAGEN BEETLE TDI CLEAN DIESEL,C,2.0/4,AS6,D,40,56
VOLKSWAGEN BEETLE TDI CLEAN DIESEL,C,2.0/4,M6,D,39,59
VOLKSWAGEN CC,C,2.0/4,AS6,Z,29,43
VOLKSWAGEN CC,C,2.0/4,M6,Z,28,44
VOLKSWAGEN CC 4MOTION,C,3.6/6,AS6,Z,22,34
VOLKSWAGEN EOS,S,2.0/4,AS6,Z,30,42
VOLKSWAGEN GOLF,C,2.5/5,AS6,X,31,43
VOLKSWAGEN GOLF,C,2.5/5,M5,X,29,46
VOLKSWAGEN GOLF R,C,2.0/4,M6,Z,26,38
VOLKSWAGEN GOLF TDI CLEAN DIESEL,C,2.0/4,AS6,D,42,60
VOLKSWAGEN GOLF TDI CLEAN DIESEL,C,2.0/4,M6,D,42,61
VOLKSWAGEN GOLF WAGON,W,2.5/5,AS6,X,31,43
VOLKSWAGEN GOLF WAGON,W,2.5/5,M5,X,29,46
VOLKSWAGEN GOLF WAGON TDI CLEAN DIESEL,W,2.0/4,AS6,D,40,58
VOLKSWAGEN GOLF WAGON TDI CLEAN DIESEL,W,2.0/4,M6,D,42,61
VOLKSWAGEN GTI,C,2.0/4,AS6,Z,32,45
VOLKSWAGEN GTI,C,2.0/4,M6,Z,29,42
VOLKSWAGEN JETTA,C,2.0/4,AS6,X,30,42
VOLKSWAGEN JETTA,C,2.0/4,AS6,Z,32,46
VOLKSWAGEN JETTA,C,2.0/4,M5,X,31,47
VOLKSWAGEN JETTA,C,2.0/4,M6,Z,29,46
VOLKSWAGEN JETTA,C,2.5/5,AS6,X,31,43
VOLKSWAGEN JETTA,C,2.5/5,M5,X,29,46
VOLKSWAGEN JETTA HYBRID,C,1.4/4,AM7,Z,63,67
VOLKSWAGEN JETTA TDI CLEAN DIESEL,C,2.0/4,AS6,D,42,60
VOLKSWAGEN JETTA TDI CLEAN DIESEL,C,2.0/4,M6,D,42,61
VOLKSWAGEN PASSAT,M,2.5/5,AS6,X,29,42
VOLKSWAGEN PASSAT,M,2.5/5,M5,X,28,43
VOLKSWAGEN PASSAT,M,3.6/6,AS6,Z,26,38
VOLKSWAGEN PASSAT TDI CLEAN DIESEL,M,2.0/4,AS6,D,41,58
VOLKSWAGEN PASSAT TDI CLEAN DIESEL,M,2.0/4,M6,D,42,64
VOLKSWAGEN ROUTAN,V,3.6/6,A6,X,23,35
VOLKSWAGEN TIGUAN,SP,2.0/4,AM6,Z,29,38
VOLKSWAGEN TIGUAN,SP,2.0/4,M6,Z,24,37
VOLKSWAGEN TIGUAN 4MOTION,SP,2.0/4,AM6,Z,28,36
VOLKSWAGEN TOUAREG,SP,3.6/6,AS8,Z,23,32
VOLKSWAGEN TOUAREG TDI CLEAN DIESEL,SP,3.0/6,AS8,D,26,42
VOLVO C30,C,2.5/5,M6,X,28,42
VOLVO C30,C,2.5/5,AS5,X,28,43
VOLVO C70,S,2.5/5,AS5,X,25,39
VOLVO S60,C,2.5/5,AS6,X,29,43
VOLVO S60 AWD,C,2.5/5,AS6,X,28,40
VOLVO S60 AWD,C,3.0/6,AS6,X,24,35
VOLVO S80,M,3.2/6,AS6,X,27,42
VOLVO S80 AWD,M,3.0/6,AS6,X,24,35
VOLVO XC60,SP,3.2/6,AS6,X,25,36
VOLVO XC60 AWD,SP,3.0/6,AS6,X,24,33
VOLVO XC60 AWD,SP,3.2/6,AS6,X,24,34
VOLVO XC70 AWD,SP,3.0/6,AS6,X,24,33
VOLVO XC70 AWD,SP,3.2/6,AS6,X,24,36
VOLVO XC90 AWD,SP,3.2/6,AS6,X,21,32
