"Make","Model","Cyl","Class","Trans","Fuel","City","Hwy"
"ACURA","ILX","4","C","AS5","Z",33,50
"ACURA","ILX","4","C","M6","Z",29,43
"ACURA","ILX HYBRID","4","C","AV7","Z",56,59
"ACURA","MDX AWD","6","SP","AS6","Z",21,29
"ACURA","RDX AWD","6","SP","AS6","Z",26,39
"ACURA","TL","6","M","AS6","Z",27,42
"ACURA","TL AWD","6","M","M6","Z",24,35
"ACURA","TL AWD","6","M","AS6","Z",25,37
"ACURA","TSX","4","C","M6","Z",29,42
"ACURA","TSX","4","C","AS5","Z",30,46
"ACURA","TSX","6","C","AS5","Z",26,40
"ACURA","ZDX AWD","6","SP","AS6","Z",22,32
"ASTON","MARTIN DB9","12","S","A6","Z",17,26
"ASTON","MARTIN V8 VANTAGE","8","T","AM7","Z",18,29
"ASTON","MARTIN V8 VANTAGE","8","T","M6","Z",17,27
"ASTON","MARTIN V8 VANTAGE S","8","T","AM7","Z",18,29
"ASTON","MARTIN V8 VANTAGE S","8","T","M6","Z",17,27
"AUDI","A3","4","W","AS6","Z",30,41
"AUDI","A3","4","W","M6","Z",27,42
"AUDI","A3 QUATTRO","4","W","AM6","Z",29,38
"AUDI","A3 TDI CLEAN DIESEL","4","W","AS6","D",42,60
"AUDI","A4","4","C","AV8","Z",33,46
"AUDI","A4 QUATTRO","4","C","AS8","Z",28,42
"AUDI","A4 QUATTRO","4","C","M6","Z",30,45
"AUDI","A5 CABRIOLET QUATTRO","4","S","AS8","Z",28,42
"AUDI","A5 QUATTRO","4","S","AS8","Z",28,42
"AUDI","A5 QUATTRO","4","S","M6","Z",30,45
"AUDI","A6 QUATTRO","4","M","AS8","Z",27,42
"AUDI","A6 QUATTRO","6","M","AS8","Z",25,39
"AUDI","A7 QUATTRO","6","M","AS8","Z",25,38
"AUDI","A8","6","M","AS8","Z",24,39
"AUDI","A8L","6","L","AS8","Z",23,37
"AUDI","A8L","8","L","AS8","Z",21,34
"AUDI","A8L","12","L","AS8","Z",17,26
"AUDI","ALLROAD QUATTRO","4","W","AS8","Z",27,38
"AUDI","Q5","4","SP","AS8","Z",27,39
"AUDI","Q5 HYBRID","4","SP","AS8","Z",33,41
"AUDI","Q7","6","SP","AS8","Z",21,30
"AUDI","Q7 TDI CLEAN DIESEL","6","SP","AS8","D",25,40
"AUDI","RS 5","8","S","AM7","Z",21,31
"AUDI","S4","6","C","AM7","Z",24,37
"AUDI","S4","6","C","M6","Z",22,34
"AUDI","S5","6","S","AM7","Z",24,37
"AUDI","S5","6","S","M6","Z",22,34
"AUDI","S5 CABRIOLET","6","S","AM7","Z",24,35
"AUDI","S6","8","M","AM7","Z",22,34
"AUDI","S7","8","M","AM7","Z",22,34
"AUDI","S8","8","M","AS8","Z",20,34
"AUDI","TT COUPE QUATTRO","4","S","AM6","Z",31,44
"AUDI","TT ROADSTER QUATTRO","4","T","AM6","Z",31,44
"AUDI","TT RS COUPE","5","S","M6","Z",23,35
"AUDI","TTS COUPE QUATTRO","4","S","AM6","Z",28,38
"AUDI","TTS ROADSTER QUATTRO","4","T","AM6","Z",28,38
"BENTLEY","CONTINENTAL FLYING SPUR","12","M","AM6","Z",15,25
"BENTLEY","CONTINENTAL GT","12","C","AS6","Z",15,25
"BENTLEY","CONTINENTAL GT","8","C","AS8","Z",20,34
"BENTLEY","CONTINENTAL GTC","8","S","AS8","Z",19,31
"BENTLEY","CONTINENTAL GTC","12","S","AM6","Z",15,25
"BENTLEY","CONTINENTAL SUPERSPORTS CONVERTIBLE","12","S","AM6","Z",15,25
"BENTLEY","MULSANNE","8","M","AS8","Z",14,22
"BMW","128i CABRIOLET","6","S","A6","Z",25,38
"BMW","128i CABRIOLET","6","S","M6","Z",26,40
"BMW","128i COUPE","6","S","A6","Z",25,42
"BMW","128i COUPE","6","S","M6","Z",26,40
"BMW","135i CABRIOLET","6","S","AM7","Z",24,36
"BMW","135i CABRIOLET","6","S","M6","Z",27,42
"BMW","135i COUPE","6","S","AM7","Z",24,36
"BMW","135i COUPE","6","S","M6","Z",27,40
"BMW","320i","4","C","A8","Z",33,54
"BMW","320i","4","C","M6","Z",32,52
"BMW","328i","4","C","A8","Z",33,51
"BMW","328i","4","C","M6","Z",31,50
"BMW","328i CABRIOLET","6","S","A6","Z",25,38
"BMW","328i CABRIOLET","6","S","M6","Z",23,38
"BMW","328i COUPE","6","S","A6","Z",25,42
"BMW","328i COUPE","6","S","M6","Z",26,40
"BMW","328i xDRIVE","4","C","A8","Z",31,47
"BMW","328i xDRIVE COUPE","6","S","A6","Z",24,36
"BMW","328i xDRIVE COUPE","6","S","M6","Z",23,37
"BMW","335i","6","C","A8","Z",31,47
"BMW","335i","6","C","M6","Z",27,42
"BMW","335i CABRIOLET","6","S","A6","Z",24,38
"BMW","335i CABRIOLET","6","S","M6","Z",27,42
"BMW","335i COUPE","6","S","A6","Z",24,38
"BMW","335i COUPE","6","S","M6","Z",27,42
"BMW","335i xDRIVE","6","C","A8","Z",29,45
"BMW","335i xDRIVE","6","C","M6","Z",26,39
"BMW","335i xDRIVE COUPE","6","S","A6","Z",25,38
"BMW","335i xDRIVE COUPE","6","S","M6","Z",26,39
"BMW","335is CABRIOLET","6","S","AM7","Z",23,33
"BMW","335is CABRIOLET","6","S","M6","Z",24,38
"BMW","335is COUPE","6","S","AM7","Z",23,33
"BMW","335is COUPE","6","S","M6","Z",24,38
"BMW","528i","4","M","A8","Z",33,50
"BMW","528i xDRIVE","4","M","A8","Z",31,47
"BMW","535i xDRIVE","6","M","A8","Z",29,43
"BMW","535i xDRIVE GRAN TURISMO","6","L","A8","Z",25,38
"BMW","550i xDRIVE","8","M","A8","Z",21,34
"BMW","550i xDRIVE GRAN TURISMO","8","L","A8","Z",22,34
"BMW","650i xDRIVE CABRIOLET","8","C","A8","Z",22,34
"BMW","650i xDRIVE COUPE","8","C","A8","Z",21,34
"BMW","650i xDRIVE GRAN COUPE","8","M","A8","Z",22,34
"BMW","740Li xDRIVE","6","L","A8","Z",25,38
"BMW","750i xDRIVE","8","L","A8","Z",22,34
"BMW","750Li xDRIVE","8","L","A8","Z",22,34
"BMW","760Li","12","L","A8","Z",17,29
"BMW","ACTIVEHYBRID 3","6","C","A8","Z",35,48
"BMW","ACTIVEHYBRID 5","6","M","A8","Z",31,43
"BMW","ACTIVEHYBRID 7L","6","L","A8","Z",30,43
"BMW","ALPINA B7 xDRIVE","8","L","A8","Z",22,34
"BMW","M3 CABRIOLET","8","S","AM7","Z",18,28
"BMW","M3 CABRIOLET","8","S","M6","Z",18,28
"BMW","M3 COUPE","8","S","AM7","Z",18,29
"BMW","M3 COUPE","8","S","M6","Z",19,29
"BMW","M5","8","M","AM7","Z",21,33
"BMW","M5","8","M","M6","Z",20,31
"BMW","M6 CABRIOLET","8","C","AM7","Z",21,33
"BMW","M6 CABRIOLET","8","C","M6","Z",20,31
"BMW","M6 COUPE","8","C","AM7","Z",21,33
"BMW","M6 COUPE","8","C","M6","Z",20,31
"BMW","X1 xDRIVE28i","4","SP","A8","Z",31,47
"BMW","X1 xDRIVE35i","6","SP","A6","Z",25,38
"BMW","X3 xDRIVE28i","4","SP","A8","Z",30,40
"BMW","X3 xDRIVE35i","6","SP","A8","Z",25,37
"BMW","X5 M","8","SP","A6","Z",16,24
"BMW","X5 xDRIVE35d","6","SP","A6","D",26,38
"BMW","X5 xDRIVE35i","6","SP","A8","Z",22,33
"BMW","X5 xDRIVE50i","8","SP","A8","Z",18,29
"BMW","X6 M","8","SP","A6","Z",16,24
"BMW","X6 xDRIVE35i","6","SP","A8","Z",22,33
"BMW","X6 xDRIVE50i","8","SP","A8","Z",18,29
"BMW","Z4 sDRIVE28i","4","T","A8","Z",30,48
"BMW","Z4 sDRIVE28i","4","T","M6","Z",31,50
"BMW","Z4 sDRIVE35i","6","T","AM7","Z",23,33
"BMW","Z4 sDRIVE35i","6","T","M6","Z",25,37
"BMW","Z4 sDRIVE35is","6","T","AM7","Z",23,33
"BUICK","ENCLAVE","6","SP","A6","X",22,34
"BUICK","ENCLAVE AWD","6","SP","A6","X",22,33
"BUICK","ENCORE","4","SP","AS6","X",34,47
"BUICK","ENCORE AWD","4","SP","AS6","X",32,42
"BUICK","LACROSSE","6","M","AS6","X",23,39
"BUICK","LACROSSE","6","M","AS6","E",17,27
"BUICK","LACROSSE AWD","6","M","AS6","X",22,36
"BUICK","LACROSSE AWD","6","M","AS6","E",16,26
"BUICK","LACROSSE eASSIST","4","M","AS6","X",34,52
"BUICK","REGAL","4","M","AS6","Z",25,41
"BUICK","REGAL","4","M","AS6","E",17,28
"BUICK","REGAL","4","M","M6","Z",27,46
"BUICK","REGAL","4","M","M6","E",20,32
"BUICK","REGAL eASSIST","4","M","AS6","X",34,52
"BUICK","REGAL GS","4","M","AS6","Z",26,38
"BUICK","REGAL GS","4","M","M6","Z",25,38
"BUICK","VERANO","4","C","AS6","Z",28,43
"BUICK","VERANO","4","C","M6","Z",28,45
"BUICK","VERANO","4","C","AS6","X",29,46
"BUICK","VERANO","4","C","AS6","E",20,33
"CADILLAC","ATS","4","C","AS6","Z",29,45
"CADILLAC","ATS","4","C","M6","Z",27,42
"CADILLAC","ATS","4","C","AS6","X",31,47
"CADILLAC","ATS","6","C","AS6","X",25,40
"CADILLAC","ATS","6","C","AS6","E",19,29
"CADILLAC","ATS AWD","4","C","AS6","Z",27,43
"CADILLAC","ATS AWD","6","C","AS6","X",24,38
"CADILLAC","ATS AWD","6","C","AS6","E",18,28
"CADILLAC","CTS","6","M","AS6","X",25,39
"CADILLAC","CTS","6","M","M6","X",21,37
"CADILLAC","CTS","6","M","AS6","X",25,42
"CADILLAC","CTS AWD","6","M","AS6","X",24,37
"CADILLAC","CTS AWD","6","M","AS6","X",24,38
"CADILLAC","CTS SPORT WAGON","6","W","AS6","X",24,37
"CADILLAC","CTS SPORT WAGON","6","W","AS6","X",24,38
"CADILLAC","CTS SPORT WAGON AWD","6","W","AS6","X",24,37
"CADILLAC","CTS SPORT WAGON AWD","6","W","AS6","X",24,38
"CADILLAC","CTS-V","8","M","AS6","Z",16,25
"CADILLAC","CTS-V","8","M","M6","Z",19,27
"CADILLAC","CTS-V SPORT WAGON","8","W","AS6","Z",16,25
"CADILLAC","CTS-V SPORT WAGON","8","W","M6","Z",19,27
"CADILLAC","ESCALADE AWD","8","SP","A6","Z",18,28
"CADILLAC","ESCALADE AWD","8","SP","A6","E",13,20
"CADILLAC","ESCALADE ESV AWD","8","SP","A6","Z",17,25
"CADILLAC","ESCALADE ESV AWD","8","SP","A6","E",12,18
"CADILLAC","ESCALADE HYBRID 4WD","8","SP","AV","X",27,33
"CADILLAC","SRX","6","SP","AS6","X",22,34
"CADILLAC","SRX","6","SP","AS6","E",17,25
"CADILLAC","SRX AWD","6","SP","AS6","X",21,32
"CADILLAC","SRX AWD","6","SP","AS6","E",16,24
"CADILLAC","XTS","6","L","AS6","X",23,39
"CADILLAC","XTS AWD","6","L","AS6","X",23,37
"CHEVROLET","AVALANCHE","8","PU","A6","X",20,30
"CHEVROLET","AVALANCHE","8","PU","A6","E",14,23
"CHEVROLET","AVALANCHE 4WD","8","PU","A6","X",20,30
"CHEVROLET","AVALANCHE 4WD","8","PU","A6","E",14,23
"CHEVROLET","CAMARO","6","C","AS6","X",25,42
"CHEVROLET","CAMARO","6","C","M6","X",23,40
"CHEVROLET","CAMARO 2LS","6","C","A6","X",25,43
"CHEVROLET","CAMARO SS","8","C","AS6","Z",21,34
"CHEVROLET","CAMARO SS","8","C","M6","Z",21,34
"CHEVROLET","CAMARO ZL1","8","C","AS6","Z",16,25
"CHEVROLET","CAMARO ZL1","8","C","M6","Z",19,27
"CHEVROLET","CORVETTE","8","T","AS6","Z",20,33
"CHEVROLET","CORVETTE","8","T","M6","Z",22,37
"CHEVROLET","CORVETTE Z06 / 427","8","T","M6","Z",20,34
"CHEVROLET","CORVETTE ZR1","8","T","M6","Z",19,30
"CHEVROLET","CRUZE","4","M","AS6","X",36,54
"CHEVROLET","CRUZE","4","M","M6","X",36,54
"CHEVROLET","CRUZE","4","M","AS6","X",31,50
"CHEVROLET","CRUZE","4","M","M6","X",34,52
"CHEVROLET","CRUZE ECO","4","M","A6","X",36,56
"CHEVROLET","CRUZE ECO","4","M","M6","X",39,61
"CHEVROLET","EQUINOX","4","SP","A6","X",31,46
"CHEVROLET","EQUINOX","6","SP","A6","X",23,35
"CHEVROLET","EQUINOX","6","SP","A6","E",17,25
"CHEVROLET","EQUINOX AWD","4","SP","A6","X",28,41
"CHEVROLET","EQUINOX AWD","6","SP","A6","X",21,34
"CHEVROLET","EQUINOX AWD","6","SP","A6","E",16,24
"CHEVROLET","EXPRESS 1500 CARGO","6","F","A4","X",20,28
"CHEVROLET","EXPRESS 1500 CARGO","8","F","A4","X",17,25
"CHEVROLET","EXPRESS 1500 CARGO","8","F","A4","E",13,19
"CHEVROLET","EXPRESS 1500 CARGO AWD","8","F","A4","X",17,23
"CHEVROLET","EXPRESS 1500 CARGO AWD","8","F","A4","E",12,17
"CHEVROLET","EXPRESS 1500 CARGO CONV","8","F","A4","X",17,24
"CHEVROLET","EXPRESS 1500 CARGO CONV","8","F","A4","E",13,18
"CHEVROLET","EXPRESS 1500 CARGO CONV AWD","8","F","A4","X",17,23
"CHEVROLET","EXPRESS 1500 CARGO CONV AWD","8","F","A4","E",12,17
"CHEVROLET","EXPRESS 1500 PASSENGER","8","F","A4","X",17,24
"CHEVROLET","EXPRESS 1500 PASSENGER","8","F","A4","E",13,18
"CHEVROLET","EXPRESS 1500 PASSENGER AWD","8","F","A4","X",17,23
"CHEVROLET","EXPRESS 1500 PASSENGER AWD","8","F","A4","E",12,17
"CHEVROLET","EXPRESS 2500 PASSENGER","8","F","A6","X",15,23
"CHEVROLET","EXPRESS 2500 PASSENGER","8","F","A6","E",11,17
"CHEVROLET","EXPRESS 2500 PASSENGER","8","F","A6","X",14,22
"CHEVROLET","EXPRESS 2500 PASSENGER","8","F","A6","E",10,16
"CHEVROLET","EXPRESS 3500 PASSENGER","8","F","A6","X",15,23
"CHEVROLET","EXPRESS 3500 PASSENGER","8","F","A6","E",11,17
"CHEVROLET","EXPRESS 3500 PASSENGER","8","F","A6","X",14,22
"CHEVROLET","EXPRESS 3500 PASSENGER","8","F","A6","E",10,16
"CHEVROLET","IMPALA","6","L","A6","X",24,42
"CHEVROLET","IMPALA","6","L","A6","E",18,32
"CHEVROLET","MALIBU","4","M","AS6","Z",28,43
"CHEVROLET","MALIBU","4","M","AS6","X",31,50
"CHEVROLET","MALIBU ECO","4","M","AS6","X",35,53
"CHEVROLET","ORLANDO","4","SP","AS6","X",26,39
"CHEVROLET","ORLANDO","4","SP","M6","X",27,40
"CHEVROLET","SILVERADO","6","PU","A4","X",20,28
"CHEVROLET","SILVERADO","8","PU","A4","X",19,27
"CHEVROLET","SILVERADO","8","PU","A4","E",14,20
"CHEVROLET","SILVERADO","8","PU","A6","X",20,30
"CHEVROLET","SILVERADO","8","PU","A6","E",14,23
"CHEVROLET","SILVERADO","8","PU","A6","Z",17,25
"CHEVROLET","SILVERADO","8","PU","A6","E",12,19
"CHEVROLET","SILVERADO 4WD","6","PU","A4","X",19,25
"CHEVROLET","SILVERADO 4WD","8","PU","A4","X",18,25
"CHEVROLET","SILVERADO 4WD","8","PU","A4","E",13,19
"CHEVROLET","SILVERADO 4WD","8","PU","A6","X",20,30
"CHEVROLET","SILVERADO 4WD","8","PU","A6","E",14,23
"CHEVROLET","SILVERADO 4WD","8","PU","A6","Z",16,25
"CHEVROLET","SILVERADO 4WD","8","PU","A6","E",12,18
"CHEVROLET","SILVERADO HYBRID","8","PU","AV","X",28,34
"CHEVROLET","SILVERADO HYBRID 4WD","8","PU","AV","X",28,33
"CHEVROLET","SILVERADO XFE","8","PU","A6","X",21,31
"CHEVROLET","SILVERADO XFE","8","PU","A6","E",15,23
"CHEVROLET","SONIC","4","C","AS6","X",37,51
"CHEVROLET","SONIC","4","C","M6","X",39,55
"CHEVROLET","SONIC","4","C","AS6","X",34,51
"CHEVROLET","SONIC","4","C","M5","X",37,50
"CHEVROLET","SONIC 5","4","M","AS6","X",37,51
"CHEVROLET","SONIC 5","4","M","M6","X",39,55
"CHEVROLET","SONIC 5","4","M","AS6","X",34,51
"CHEVROLET","SONIC 5","4","M","M5","X",37,50
"CHEVROLET","SONIC RS","4","M","AS6","X",34,48
"CHEVROLET","SONIC RS","4","M","M6","X",38,49
"CHEVROLET","SPARK","4","S","A4","X",40,54
"CHEVROLET","SPARK","4","S","M5","X",45,55
"CHEVROLET","SUBURBAN","8","SP","A6","X",20,30
"CHEVROLET","SUBURBAN","8","SP","A6","E",14,23
"CHEVROLET","SUBURBAN 4WD","8","SP","A6","X",20,30
"CHEVROLET","SUBURBAN 4WD","8","SP","A6","E",14,23
"CHEVROLET","SUBURBAN 4WD HD","8","SP","A6","X",14,22
"CHEVROLET","SUBURBAN HD","8","SP","A6","X",14,22
"CHEVROLET","TAHOE","8","SP","A6","X",20,30
"CHEVROLET","TAHOE","8","SP","A6","E",14,23
"CHEVROLET","TAHOE 4WD","8","SP","A6","X",20,30
"CHEVROLET","TAHOE 4WD","8","SP","A6","E",14,23
"CHEVROLET","TAHOE HYBRID","8","SP","AV","X",28,34
"CHEVROLET","TAHOE HYBRID 4WD","8","SP","AV","X",28,33
"CHEVROLET","TRAVERSE","6","SP","A6","X",22,34
"CHEVROLET","TRAVERSE AWD","6","SP","A6","X",22,33
"CHEVROLET","TRAX","4","SP","AS6","X",35,48
"CHEVROLET","TRAX","4","SP","M6","X",36,50
"CHEVROLET","TRAX AWD","4","SP","AS6","X",32,43
"CHRYSLER","200 CONVERTIBLE","4","C","A4","X",27,41
"CHRYSLER","200 CONVERTIBLE","4","C","A6","X",24,39
"CHRYSLER","200 CONVERTIBLE FFV","6","C","A6","E",18,30
"CHRYSLER","200 CONVERTIBLE FFV","6","C","A6","X",26,42
"CHRYSLER","200 SEDAN","4","M","A4","X",28,41
"CHRYSLER","200 SEDAN","4","M","A6","X",27,43
"CHRYSLER","200 SEDAN FFV","6","M","A6","E",18,30
"CHRYSLER","200 SEDAN FFV","6","M","A6","X",26,42
"CHRYSLER","300","6","L","A8","X",26,44
"CHRYSLER","300 (FuelSaver MDS)","8","L","A5","X",21,35
"CHRYSLER","300 AWD","6","L","A8","X",25,39
"CHRYSLER","300 AWD (FuelSaver MDS)","8","L","A5","X",20,33
"CHRYSLER","300 AWD FFV","6","L","A8","E",18,28
"CHRYSLER","300 AWD FFV","6","L","A8","X",25,39
"CHRYSLER","300 FFV","6","L","A8","E",19,32
"CHRYSLER","300 FFV","6","L","A8","X",26,44
"CHRYSLER","300 SRT (FuelSaver MDS)","8","L","A5","Z",19,32
"CHRYSLER","TOWN AND COUNTRY FFV","6","V","A6","E",16,25
"CHRYSLER","TOWN AND COUNTRY FFV","6","V","A6","X",23,35
"DODGE","AVENGER","4","M","A4","X",28,41
"DODGE","AVENGER","4","M","A6","X",27,43
"DODGE","AVENGER FFV","6","M","A6","E",18,30
"DODGE","AVENGER FFV","6","M","A6","X",26,42
"DODGE","CHALLENGER","6","C","A5","X",24,39
"DODGE","CHALLENGER","8","C","M6","X",20,33
"DODGE","CHALLENGER (FuelSaver MDS)","8","C","A5","X",21,35
"DODGE","CHALLENGER SRT","8","C","M6","Z",19,32
"DODGE","CHALLENGER SRT (FuelSaver MDS)","8","C","A5","Z",19,32
"DODGE","CHARGER","6","L","A5","X",24,39
"DODGE","CHARGER","6","L","A8","X",26,44
"DODGE","CHARGER (FuelSaver MDS)","8","L","A5","X",21,35
"DODGE","CHARGER AWD","6","L","A8","X",25,39
"DODGE","CHARGER AWD (FuelSaver MDS)","8","L","A5","X",20,33
"DODGE","CHARGER AWD FFV","6","L","A8","E",18,28
"DODGE","CHARGER AWD FFV","6","L","A8","X",25,39
"DODGE","CHARGER FFV","6","L","A5","E",17,26
"DODGE","CHARGER FFV","6","L","A8","E",19,32
"DODGE","CHARGER FFV","6","L","A5","X",24,39
"DODGE","CHARGER FFV","6","L","A8","X",26,44
"DODGE","CHARGER SRT (FuelSaver MDS)","8","L","A5","Z",19,32
"DODGE","DART","4","M","A6","X",33,49
"DODGE","DART","4","M","M6","X",35,52
"DODGE","DART","4","M","A6","X",32,43
"DODGE","DART","4","M","M6","X",32,48
"DODGE","DART FFV","4","M","A6","E",22,34
"DODGE","DART FFV","4","M","A6","X",33,49
"DODGE","DART TURBO","4","M","AM6","X",38,53
"DODGE","DART TURBO","4","M","M6","X",38,58
"DODGE","DART TURBO AERO","4","M","AM6","X",39,58
"DODGE","DART TURBO AERO","4","M","M6","X",39,59
"DODGE","DURANGO AWD (FuelSaver MDS)","8","SP","A6","X",17,28
"DODGE","DURANGO AWD FFV","6","SP","A5","E",16,24
"DODGE","DURANGO AWD FFV","6","SP","A5","X",22,32
"DODGE","GRAND CARAVAN FFV","6","V","A6","E",16,25
"DODGE","GRAND CARAVAN FFV","6","V","A6","X",23,36
"DODGE","JOURNEY","4","SP","A4","X",25,37
"DODGE","JOURNEY AWD","6","SP","A6","X",22,34
"DODGE","JOURNEY FFV","6","SP","A6","E",17,26
"DODGE","JOURNEY FFV","6","SP","A6","X",22,36
"FIAT","500 ABARTH","4","S","M5","X",40,50
"FIAT","500 ABARTH CABRIO","4","S","M5","X",40,50
"FIAT","500 CABRIO","4","S","A6","X",38,50
"FIAT","500 CABRIO","4","S","M5","X",42,54
"FIAT","500 HATCHBACK","4","S","A6","X",38,50
"FIAT","500 HATCHBACK","4","S","M5","X",44,58
"FIAT","500 HATCHBACK TURBO","4","S","M5","X",40,50
"FORD","C-MAX HYBRID","4","L","AV","X",67,58
"FORD","E150 VAN FFV","8","F","A4","E",13,17
"FORD","E150 VAN FFV","8","F","A4","X",18,23
"FORD","E150 VAN FFV","8","F","A4","E",13,17
"FORD","E150 VAN FFV","8","F","A4","X",16,23
"FORD","E150 WAGON FFV","8","F","A4","E",12,16
"FORD","E150 WAGON FFV","8","F","A4","X",17,23
"FORD","E150 WAGON FFV","8","F","A4","E",12,16
"FORD","E150 WAGON FFV","8","F","A4","X",16,22
"FORD","E350 WAGON FFV","8","F","A4","E",12,16
"FORD","E350 WAGON FFV","8","F","A4","X",15,21
"FORD","EDGE","4","SP","A6","X",29,43
"FORD","EDGE","6","SP","AS6","X",25,39
"FORD","EDGE AWD","6","SP","AS6","X",24,36
"FORD","EDGE AWD","6","SP","AS6","X",23,32
"FORD","ESCAPE","4","SP","AS6","X",31,47
"FORD","ESCAPE","4","SP","AS6","X",30,42
"FORD","ESCAPE","4","SP","AS6","X",30,45
"FORD","ESCAPE AWD","4","SP","AS6","X",31,43
"FORD","ESCAPE AWD","4","SP","AS6","X",29,41
"FORD","EXPEDITION 4X4 FFV","8","SP","A6","E",13,18
"FORD","EXPEDITION 4X4 FFV","8","SP","A6","X",17,25
"FORD","EXPLORER","4","SP","A6","X",27,40
"FORD","EXPLORER FFV","6","SP","AS6","E",17,26
"FORD","EXPLORER FFV","6","SP","AS6","X",23,34
"FORD","EXPLORER FFV AWD","6","SP","AS6","E",17,24
"FORD","EXPLORER FFV AWD","6","SP","AS6","X",22,32
"FORD","F150","6","PU","A6","X",22,31
"FORD","F150","6","PU","AS6","X",22,31
"FORD","F150","8","PU","AS6","X",17,26
"FORD","F150 4X4","6","PU","A6","X",20,29
"FORD","F150 4X4","6","PU","AS6","X",20,29
"FORD","F150 4X4","8","PU","AS6","X",16,23
"FORD","F150 FFV","6","PU","A6","E",16,24
"FORD","F150 FFV","6","PU","AS6","E",17,24
"FORD","F150 FFV","6","PU","A6","X",23,32
"FORD","F150 FFV","6","PU","AS6","X",23,32
"FORD","F150 FFV","8","PU","A6","E",15,21
"FORD","F150 FFV","8","PU","AS6","E",15,21
"FORD","F150 FFV","8","PU","A6","X",20,29
"FORD","F150 FFV","8","PU","AS6","X",20,29
"FORD","F150 FFV 4X4","6","PU","A6","E",16,22
"FORD","F150 FFV 4X4","6","PU","AS6","E",16,22
"FORD","F150 FFV 4X4","6","PU","A6","X",21,29
"FORD","F150 FFV 4X4","6","PU","AS6","X",21,29
"FORD","F150 FFV 4X4","8","PU","A6","E",14,19
"FORD","F150 FFV 4X4","8","PU","AS6","E",14,19
"FORD","F150 FFV 4X4","8","PU","A6","X",19,27
"FORD","F150 FFV 4X4","8","PU","AS6","X",19,26
"FORD","FIESTA","4","S","A6","X",41,55
"FORD","FIESTA","4","S","M5","X",41,55
"FORD","FIESTA SFE","4","S","A6","X",41,58
"FORD","FLEX","6","SP","AS6","X",24,35
"FORD","FLEX AWD NA","6","SP","AS6","X",23,33
"FORD","FLEX AWD TC","6","SP","AS6","X",22,32
"FORD","FOCUS","4","C","M6","X",32,46
"FORD","FOCUS FFV","4","C","A6","E",28,41
"FORD","FOCUS FFV","4","C","M5","E",27,38
"FORD","FOCUS FFV","4","C","AS6","E",28,41
"FORD","FOCUS FFV","4","C","A6","X",38,55
"FORD","FOCUS FFV","4","C","M5","X",36,51
"FORD","FOCUS FFV","4","C","AS6","X",38,55
"FORD","FOCUS SFE FFV","4","C","A6","E",28,40
"FORD","FOCUS SFE FFV","4","C","A6","X",39,59
"FORD","FUSION","4","M","M6","X",35,53
"FORD","FUSION","4","M","AS6","X",32,51
"FORD","FUSION","4","M","AS6","X",31,48
"FORD","FUSION","4","M","AS6","X",31,49
"FORD","FUSION (Auto Start-Stop)","4","M","AS6","X",33,53
"FORD","FUSION AWD","4","M","AS6","X",30,45
"FORD","FUSION HYBRID","4","M","AV","X",71,69
"FORD","MUSTANG","6","S","A6","X",26,45
"FORD","MUSTANG","6","S","M6","X",25,42
"FORD","MUSTANG","8","S","A6","X",24,36
"FORD","MUSTANG","8","S","M6","X",20,36
"FORD","MUSTANG","8","S","M6","Z",20,33
"FORD","MUSTANG CONVERTIBLE","6","S","A6","X",26,41
"FORD","TAURUS","4","L","AS6","X",31,46
"FORD","TAURUS AWD","6","L","AS6","X",23,36
"FORD","TAURUS FFV","6","L","AS6","E",18,30
"FORD","TAURUS FFV","6","L","AS6","X",26,41
"FORD","TAURUS FFV AWD","6","L","AS6","E",17,27
"FORD","TAURUS FFV AWD","6","L","AS6","X",25,37
"FORD","TRANSIT CONNECT VAN","4","F","A4","X",29,38
"FORD","TRANSIT CONNECT WAGON","4","SP","A4","X",30,38
"GMC","ACADIA","6","SP","A6","X",22,34
"GMC","ACADIA AWD","6","SP","A6","X",21,32
"GMC","SAVANA 1500 CARGO","6","F","A4","X",20,28
"GMC","SAVANA 1500 CARGO","8","F","A4","X",17,25
"GMC","SAVANA 1500 CARGO","8","F","A4","E",13,19
"GMC","SAVANA 1500 CARGO AWD","8","F","A4","X",17,23
"GMC","SAVANA 1500 CARGO AWD","8","F","A4","E",12,17
"GMC","SAVANA 1500 CARGO CONV","8","F","A4","X",17,24
"GMC","SAVANA 1500 CARGO CONV","8","F","A4","E",13,18
"GMC","SAVANA 1500 CARGO CONV AWD","8","F","A4","X",17,23
"GMC","SAVANA 1500 CARGO CONV AWD","8","F","A4","E",12,17
"GMC","SAVANA 1500 PASSENGER","8","F","A4","X",17,24
"GMC","SAVANA 1500 PASSENGER","8","F","A4","E",13,18
"GMC","SAVANA 1500 PASSENGER AWD","8","F","A4","X",17,23
"GMC","SAVANA 1500 PASSENGER AWD","8","F","A4","E",12,17
"GMC","SAVANA 2500 PASSENGER","8","F","A6","X",15,23
"GMC","SAVANA 2500 PASSENGER","8","F","A6","E",11,17
"GMC","SAVANA 2500 PASSENGER","8","F","A6","X",14,22
"GMC","SAVANA 2500 PASSENGER","8","F","A6","E",10,16
"GMC","SAVANA 3500 PASSENGER","8","F","A6","X",15,23
"GMC","SAVANA 3500 PASSENGER","8","F","A6","E",11,17
"GMC","SAVANA 3500 PASSENGER","8","F","A6","X",14,22
"GMC","SAVANA 3500 PASSENGER","8","F","A6","E",10,16
"GMC","SIERRA","6","PU","A4","X",20,28
"GMC","SIERRA","8","PU","A4","X",19,27
"GMC","SIERRA","8","PU","A4","E",14,20
"GMC","SIERRA","8","PU","A6","X",20,30
"GMC","SIERRA","8","PU","A6","E",14,23
"GMC","SIERRA","8","PU","A6","Z",17,25
"GMC","SIERRA","8","PU","A6","E",12,19
"GMC","SIERRA 4WD","6","PU","A4","X",19,25
"GMC","SIERRA 4WD","8","PU","A4","X",18,25
"GMC","SIERRA 4WD","8","PU","A4","E",13,19
"GMC","SIERRA 4WD","8","PU","A6","X",20,30
"GMC","SIERRA 4WD","8","PU","A6","E",14,23
"GMC","SIERRA 4WD","8","PU","A6","Z",16,25
"GMC","SIERRA 4WD","8","PU","A6","E",12,18
"GMC","SIERRA DENALI AWD","8","PU","A6","Z",16,25
"GMC","SIERRA DENALI AWD","8","PU","A6","E",12,19
"GMC","SIERRA HYBRID","8","PU","AV","X",28,34
"GMC","SIERRA HYBRID 4WD","8","PU","AV","X",28,33
"GMC","SIERRA XFE","8","PU","A6","X",21,31
"GMC","SIERRA XFE","8","PU","A6","E",15,23
"GMC","TERRAIN","4","SP","A6","X",31,46
"GMC","TERRAIN","6","SP","A6","X",23,35
"GMC","TERRAIN","6","SP","A6","E",17,25
"GMC","TERRAIN AWD","4","SP","A6","X",28,41
"GMC","TERRAIN AWD","6","SP","A6","X",21,34
"GMC","TERRAIN AWD","6","SP","A6","E",16,24
"GMC","YUKON","8","SP","A6","X",20,30
"GMC","YUKON","8","SP","A6","E",14,23
"GMC","YUKON 4WD","8","SP","A6","X",20,30
"GMC","YUKON 4WD","8","SP","A6","E",14,23
"GMC","YUKON DENALI AWD","8","SP","A6","Z",18,28
"GMC","YUKON DENALI AWD","8","SP","A6","E",13,20
"GMC","YUKON DENALI HYBRID 4WD","8","SP","AV","X",27,33
"GMC","YUKON DENALI XL AWD","8","SP","A6","Z",17,25
"GMC","YUKON DENALI XL AWD","8","SP","A6","E",12,18
"GMC","YUKON HYBRID","8","SP","AV","X",28,34
"GMC","YUKON HYBRID 4WD","8","SP","AV","X",27,33
"GMC","YUKON XL","8","SP","A6","X",20,30
"GMC","YUKON XL","8","SP","A6","E",14,23
"GMC","YUKON XL 4WD","8","SP","A6","X",20,30
"GMC","YUKON XL 4WD","8","SP","A6","E",14,23
"GMC","YUKON XL 4WD HD","8","SP","A6","X",14,22
"GMC","YUKON XL HD","8","SP","A6","X",14,22
"HONDA","ACCORD","4","M","AV","X",36,51
"HONDA","ACCORD","4","M","M6","X",32,50
"HONDA","ACCORD","4","M","AV7","X",36,51
"HONDA","ACCORD","6","M","A6","X",29,50
"HONDA","ACCORD","6","M","M6","X",25,40
"HONDA","ACCORD","6","M","AS6","X",28,46
"HONDA","CIVIC","4","C","A5","X",40,56
"HONDA","CIVIC","4","C","M5","X",39,52
"HONDA","CIVIC","4","C","M6","Z",28,44
"HONDA","CIVIC HYBRID","4","C","AV","X",64,67
"HONDA","CROSSTOUR","4","SP","A5","X",30,44
"HONDA","CROSSTOUR","6","SP","A6","X",27,43
"HONDA","CROSSTOUR AWD","6","SP","A6","X",25,40
"HONDA","CR-V","4","SP","A5","X",31,44
"HONDA","CR-V AWD","4","SP","A5","X",31,43
"HONDA","CR-Z","4","T","M6","X",44,55
"HONDA","CR-Z","4","T","AV7","X",52,56
"HONDA","FIT","4","W","A5","X",40,52
"HONDA","FIT","4","W","M5","X",40,50
"HONDA","INSIGHT","4","C","AV","X",60,64
"HONDA","INSIGHT EX","4","C","AV7","X",60,66
"HONDA","ODYSSEY","6","V","A5","X",24,39
"HONDA","ODYSSEY TOURING","6","V","A6","X",26,40
"HONDA","PILOT","6","SP","A5","X",24,36
"HONDA","PILOT AWD","6","SP","A5","X",23,34
"HONDA","RIDGELINE AWD","6","PU","A5","X",21,29
"HYUNDAI","ACCENT","4","C","AS6","X",39,54
"HYUNDAI","ACCENT","4","C","M6","X",40,53
"HYUNDAI","ELANTRA","4","M","AS6","X",39,54
"HYUNDAI","ELANTRA","4","M","M6","X",40,54
"HYUNDAI","ELANTRA COUPE","4","M","AS6","X",37,53
"HYUNDAI","ELANTRA COUPE","4","M","M6","X",39,54
"HYUNDAI","ELANTRA GT","4","M","AS6","X",37,53
"HYUNDAI","ELANTRA GT","4","M","M6","X",36,53
"HYUNDAI","EQUUS","8","L","AS8","Z",21,33
"HYUNDAI","GENESIS","6","L","AS8","X",25,39
"HYUNDAI","GENESIS COUPE","4","S","AS8","Z",27,44
"HYUNDAI","GENESIS COUPE","4","S","M6","Z",28,43
"HYUNDAI","GENESIS COUPE","6","S","AS8","Z",25,40
"HYUNDAI","GENESIS COUPE","6","S","M6","Z",25,39
"HYUNDAI","GENESIS R SPEC","8","L","AS8","Z",21,33
"HYUNDAI","SANTA FE SPORT","4","SP","AS6","X",27,38
"HYUNDAI","SANTA FE SPORT","4","SP","AS6","X",28,42
"HYUNDAI","SANTA FE SPORT 4WD","4","SP","AS6","X",26,34
"HYUNDAI","SANTA FE SPORT 4WD","4","SP","AS6","X",27,37
"HYUNDAI","SONATA","4","L","AS6","X",31,49
"HYUNDAI","SONATA","4","L","AS6","X",32,50
"HYUNDAI","TUCSON","4","SP","AS6","X",30,42
"HYUNDAI","TUCSON","4","SP","M5","X",27,37
"HYUNDAI","TUCSON","4","SP","AS6","X",29,43
"HYUNDAI","TUCSON 4WD","4","SP","AS6","X",28,38
"HYUNDAI","VELOSTER","4","C","AM6","X",39,54
"HYUNDAI","VELOSTER","4","C","M6","X",38,53
"HYUNDAI","VELOSTER TURBO","4","C","AS6","X",33,49
"HYUNDAI","VELOSTER TURBO","4","C","M6","X",34,50
"INFINITI","FX37 AWD","6","SP","AS7","Z",22,31
"INFINITI","FX50 AWD","8","SP","AS7","Z",19,28
"INFINITI","G37 CONVERTIBLE","6","S","AS7","Z",24,36
"INFINITI","G37 CONVERTIBLE","6","S","M6","Z",22,34
"INFINITI","G37 COUPE","6","S","AS7","Z",26,38
"INFINITI","G37 COUPE","6","S","M6","Z",23,36
"INFINITI","G37x COUPE","6","S","AS7","Z",24,36
"INFINITI","JX35 AWD","6","SP","AV","Z",25,33
"INFINITI","M35h","6","M","AS7","Z",38,46
"INFINITI","M37","6","M","AS7","Z",25,38
"INFINITI","M37x","6","M","AS7","Z",24,34
"INFINITI","M56","8","M","AS7","Z",22,35
"INFINITI","M56x","8","M","AS7","Z",21,33
"JAGUAR","XF I4T","4","M","AS8","Z",26,41
"JAGUAR","XF V6 SUPERCHARGED AWD","6","M","AS8","Z",22,37
"JAGUAR","XFR","8","M","AS8","Z",20,32
"JAGUAR","XFR-S","8","M","AS8","Z",20,32
"JAGUAR","XJ 3.0 AWD","6","L","AS8","Z",22,35
"JAGUAR","XJ SUPERCHARGED","8","L","AS8","Z",20,33
"JAGUAR","XJ SUPERSPORT","8","L","AS8","Z",20,33
"JAGUAR","XJL 3.0 AWD","6","L","AS8","Z",21,35
"JAGUAR","XJL SUPERCHARGED","8","L","AS8","Z",20,33
"JAGUAR","XJL SUPERSPORT","8","L","AS8","Z",20,33
"JAGUAR","XJL ULTIMATE","8","L","AS8","Z",20,33
"JAGUAR","XK CONVERTIBLE","8","S","AS6","Z",21,31
"JAGUAR","XK COUPE","8","S","AS6","Z",21,34
"JAGUAR","XKR CONVERTIBLE","8","S","AS6","Z",20,31
"JAGUAR","XKR COUPE","8","S","AS6","Z",20,31
"JAGUAR","XKR-S CONVERTIBLE","8","S","AS6","Z",20,31
"JAGUAR","XKR-S COUPE","8","S","AS6","Z",20,31
"JEEP","COMPASS","4","SP","AV","X",30,39
"JEEP","COMPASS","4","SP","M5","X",32,43
"JEEP","COMPASS","4","SP","AV","X",29,39
"JEEP","COMPASS","4","SP","M5","X",31,40
"JEEP","COMPASS 4X4","4","SP","AV","X",29,37
"JEEP","COMPASS 4X4","4","SP","M5","X",31,39
"JEEP","GRAND CHEROKEE 4X4 (FuelSaver MDS)","8","SP","A6","X",17,28
"JEEP","GRAND CHEROKEE 4X4 FFV","6","SP","A5","E",16,24
"JEEP","GRAND CHEROKEE 4X4 FFV","6","SP","A5","X",22,32
"JEEP","GRAND CHEROKEE 4X4 SRT (FuelSaver MDS)","8","SP","A5","Z",17,25
"JEEP","PATRIOT","4","SP","AV","X",30,39
"JEEP","PATRIOT","4","SP","M5","X",32,43
"JEEP","PATRIOT","4","SP","AV","X",29,39
"JEEP","PATRIOT","4","SP","M5","X",31,40
"JEEP","PATRIOT 4X4","4","SP","AV","X",29,37
"JEEP","PATRIOT 4X4","4","SP","M5","X",31,39
"JEEP","WRANGLER 4X4 (2-DOOR)","6","SP","A5","X",22,30
"JEEP","WRANGLER 4X4 (2-DOOR)","6","SP","M6","X",22,30
"JEEP","WRANGLER UNLIMITED 4X4 (4-DOOR)","6","SP","A5","X",21,28
"JEEP","WRANGLER UNLIMITED 4X4 (4-DOOR)","6","SP","M6","X",21,29
"KIA","FORTE","4","M","AS6","X",35,51
"KIA","FORTE","4","M","M6","X",35,50
"KIA","FORTE","4","M","AS6","X",31,46
"KIA","FORTE","4","M","M6","X",31,46
"KIA","FORTE KOUP","4","C","AS6","X",35,50
"KIA","FORTE KOUP","4","C","M6","X",34,47
"KIA","FORTE KOUP","4","C","AS6","X",31,44
"KIA","FORTE KOUP","4","C","M6","X",31,46
"KIA","OPTIMA","4","M","AS6","X",31,49
"KIA","OPTIMA","4","M","AS6","X",33,50
"KIA","OPTIMA","4","M","M6","X",32,50
"KIA","RIO","4","C","AS6","X",40,51
"KIA","RIO","4","C","M6","X",41,53
"KIA","RIO ECO","4","C","AS6","X",42,52
"KIA","SORENTO","4","SP","AS6","X",29,43
"KIA","SORENTO","6","SP","AS6","X",27,37
"KIA","SORENTO 4WD","4","SP","AS6","X",27,38
"KIA","SORENTO 4WD","6","SP","AS6","X",25,34
"KIA","SOUL","4","W","AS6","X",35,43
"KIA","SOUL","4","W","M6","X",35,43
"KIA","SOUL","4","W","AS6","X",32,40
"KIA","SOUL","4","W","M6","X",33,42
"KIA","SOUL ECO","4","W","AS6","X",33,42
"KIA","SPORTAGE","4","SP","AS6","X",29,43
"KIA","SPORTAGE","4","SP","M6","X",27,39
"KIA","SPORTAGE 4WD","4","SP","AS6","X",27,35
"KIA","SPORTAGE 4WD","4","SP","AS6","X",28,38
"LAMBORGHINI","AVENTADOR COUPE","12","T","AM7","Z",14,26
"LAMBORGHINI","AVENTADOR ROADSTER","12","T","AM7","Z",12,22
"LAMBORGHINI","GALLARDO COUPE","10","T","M6","Z",15,25
"LAMBORGHINI","GALLARDO COUPE","10","T","AS6","Z",17,26
"LAMBORGHINI","GALLARDO SPYDER","10","T","AS6","Z",17,26
"LAMBORGHINI","GALLARDO SPYDER","10","T","M6","Z",14,23
"LAND","ROVER LR2","4","SP","AS6","Z",24,34
"LAND","ROVER LR4","8","SP","AS6","Z",17,24
"LAND","ROVER RANGE ROVER","8","SP","AS8","Z",18,28
"LAND","ROVER RANGE ROVER EVOQUE","4","SP","AS6","Z",27,40
"LAND","ROVER RANGE ROVER EVOQUE COUPE","4","SP","AS6","Z",27,40
"LAND","ROVER RANGE ROVER SPORT","8","SP","AS6","Z",17,25
"LAND","ROVER RANGE ROVER SPORT SC","8","SP","AS6","Z",16,24
"LAND","ROVER RANGE ROVER SUPERCHARGED","8","SP","AS8","Z",17,27
"LEXUS","CT 200h","4","C","AV","X",63,59
"LEXUS","ES 300h","4","M","AS6","X",60,55
"LEXUS","ES 350","6","M","AS6","X",29,44
"LEXUS","GS 350","6","M","AS6","Z",26,40
"LEXUS","GS 350 AWD","6","M","AS6","Z",25,37
"LEXUS","GS 450h","6","M","AS6","Z",43,46
"LEXUS","GX 460","8","SP","AS6","Z",20,29
"LEXUS","IS 250","6","S","AS6","Z",29,43
"LEXUS","IS 250 AWD","6","S","AS6","Z",28,39
"LEXUS","IS 250C","6","S","AS6","Z",29,43
"LEXUS","IS 350","6","S","AS6","Z",26,39
"LEXUS","IS 350 AWD","6","S","AS6","Z",26,37
"LEXUS","IS 350C","6","S","AS6","Z",26,39
"LEXUS","IS F","8","S","AS8","Z",22,33
"LEXUS","LS 460","8","M","AS8","Z",22,34
"LEXUS","LS 460 AWD","8","M","AS8","Z",21,32
"LEXUS","LS 460 L AWD","8","M","AS8","Z",21,32
"LEXUS","LS 600h L","8","M","AS8","Z",27,31
"LEXUS","LX 570","8","SP","AS6","Z",17,24
"LEXUS","RX 350 AWD","6","SP","AS6","X",24,34
"LEXUS","RX 350 AWD","6","SP","AS8","X",25,37
"LEXUS","RX 450h AWD","6","SP","AS6","Z",42,39
"LINCOLN","MKS AWD","6","L","AS6","X",23,36
"LINCOLN","MKS AWD","6","L","AS6","X",24,38
"LINCOLN","MKT AWD","6","SP","AS6","X",22,32
"LINCOLN","MKT LIVERY","4","SP","AS6","X",28,40
"LINCOLN","MKT LIVERY AWD","6","SP","A6","X",23,34
"LINCOLN","MKX AWD","6","SP","AS6","X",23,32
"LINCOLN","MKZ","4","M","AS6","X",31,48
"LINCOLN","MKZ AWD","6","M","AS6","X",25,37
"LINCOLN","MKZ HYBRID","4","M","AV","X",67,66
"LINCOLN","NAVIGATOR 4X4 FFV","8","SP","A6","E",13,18
"LINCOLN","NAVIGATOR 4X4 FFV","8","SP","A6","X",17,25
"MASERATI","GRANTURISMO","8","S","AS6","Z",17,28
"MASERATI","GRANTURISMO CONVERTIBLE","8","S","AS6","Z",17,28
"MASERATI","QUATTROPORTE","8","L","AS6","Z",16,27
"MAZDA","CX-5","4","SP","M6","X",36,50
"MAZDA","CX-5","4","SP","AS6","X",37,46
"MAZDA","CX-5 4WD","4","SP","AS6","X",35,44
"MAZDA","CX-9","6","SP","AS6","X",22,34
"MAZDA","CX-9 4WD","6","SP","AS6","X",22,31
"MAZDA","MAZDA2","4","C","A4","X",40,49
"MAZDA","MAZDA2","4","C","M5","X",42,50
"MAZDA","MAZDA3 DI 4-DOOR","4","C","M6","X",37,56
"MAZDA","MAZDA3 DI 4-DOOR","4","C","AS6","X",40,58
"MAZDA","MAZDA3 DI 5-DOOR","4","M","M6","X",37,55
"MAZDA","MAZDA3 DI 5-DOOR","4","M","AS6","X",40,56
"MAZDA","MAZDA3 L5X","4","C","M6","X",28,40
"MAZDA","MAZDA3 L5X","4","C","AS5","X",31,42
"MAZDA","MAZDA3 LFX","4","C","M5","X",34,47
"MAZDA","MAZDA3 LFX","4","C","AS5","X",32,47
"MAZDA","MAZDA5","4","V","AS5","X",30,42
"MAZDA","MAZDA5","4","V","M6","X",29,42
"MAZDA","MAZDA6","4","M","M6","X",29,43
"MAZDA","MAZDA6","4","M","AS5","X",30,44
"MAZDA","MAZDA6","6","M","AS6","X",24,37
"MAZDA","MAZDASPEED3","4","M","M6","Z",25,35
"MAZDA","MX-5","4","T","M5","Z",31,40
"MAZDA","MX-5","4","T","M6","Z",29,40
"MAZDA","MX-5","4","T","AS6","Z",28,39
"MERCEDES-BENZ","B 250","4","W","AS7","Z",36,51
"MERCEDES-BENZ","C 250","4","C","AS7","Z",30,46
"MERCEDES-BENZ","C 250 COUPE","4","S","AS7","Z",29,46
"MERCEDES-BENZ","C 300 4MATIC FFV","6","C","AS7","Z",27,39
"MERCEDES-BENZ","C 300 4MATIC FFV","6","C","AS7","E",19,28
"MERCEDES-BENZ","C 350","6","C","AS7","Z",27,39
"MERCEDES-BENZ","C 350 4MATIC","6","C","AS7","Z",27,39
"MERCEDES-BENZ","C 350 COUPE","6","S","AS7","Z",26,39
"MERCEDES-BENZ","C 350 COUPE 4MATIC","6","S","AS7","Z",26,39
"MERCEDES-BENZ","C 63 AMG","8","C","AS7","Z",18,28
"MERCEDES-BENZ","C 63 AMG COUPE","8","S","AS7","Z",18,28
"MERCEDES-BENZ","CL 550 4MATIC","8","C","AS7","Z",20,32
"MERCEDES-BENZ","CL 600","12","C","AS5","Z",16,25
"MERCEDES-BENZ","CL 63 AMG","8","C","AS7","Z",20,30
"MERCEDES-BENZ","CL 65 AMG","12","C","AS5","Z",16,26
"MERCEDES-BENZ","CLS 550 4MATIC","8","C","AS7","Z",22,34
"MERCEDES-BENZ","CLS 63 AMG","8","C","AS7","Z",21,33
"MERCEDES-BENZ","E 300 4MATIC","6","M","AS7","Z",25,40
"MERCEDES-BENZ","E 350 4MATIC","6","M","AS7","Z",26,41
"MERCEDES-BENZ","E 350 4MATIC COUPE","6","S","AS7","Z",26,39
"MERCEDES-BENZ","E 350 4MATIC COUPE","6","S","AS7","E",19,29
"MERCEDES-BENZ","E 350 4MATIC WAGON","6","W","AS7","Z",25,39
"MERCEDES-BENZ","E 350 BLUETEC","6","M","AS7","D",30,48
"MERCEDES-BENZ","E 350 CABRIOLET FFV","6","S","AS7","Z",26,40
"MERCEDES-BENZ","E 350 CABRIOLET FFV","6","S","AS7","E",18,27
"MERCEDES-BENZ","E 350 COUPE FFV","6","S","AS7","Z",27,40
"MERCEDES-BENZ","E 350 COUPE FFV","6","S","AS7","E",20,30
"MERCEDES-BENZ","E 400 HYBRID","6","M","AS7","Z",34,43
"MERCEDES-BENZ","E 550 4MATIC","8","S","AS7","Z",22,35
"MERCEDES-BENZ","E 550 CABRIOLET","8","S","AS7","Z",23,36
"MERCEDES-BENZ","E 550 COUPE","8","S","AS7","Z",24,38
"MERCEDES-BENZ","E 63 AMG","8","M","AS7","Z",21,32
"MERCEDES-BENZ","E 63 AMG WAGON","8","W","AS7","Z",20,31
"MERCEDES-BENZ","G 550","8","SP","AS7","Z",16,21
"MERCEDES-BENZ","G 63 AMG","8","SP","AS7","Z",16,21
"MERCEDES-BENZ","GL 350 BLUETEC 4MATIC","6","SP","AS7","D",26,37
"MERCEDES-BENZ","GL 450 4MATIC","8","SP","AS7","Z",18,25
"MERCEDES-BENZ","GL 550 4MATIC","8","SP","AS7","Z",18,25
"MERCEDES-BENZ","GL 63 AMG","8","SP","AS7","Z",18,25
"MERCEDES-BENZ","GLK 350 4MATIC","6","SP","AS7","Z",25,35
"MERCEDES-BENZ","ML 350 4MATIC","6","SP","AS7","Z",24,32
"MERCEDES-BENZ","ML 350 4MATIC","6","SP","AS7","E",18,24
"MERCEDES-BENZ","ML 350 BLUETEC 4MATIC","6","SP","AS7","D",27,40
"MERCEDES-BENZ","ML 550 4MATIC","8","SP","AS7","Z",19,28
"MERCEDES-BENZ","ML 63 AMG","8","SP","AS7","Z",18,25
"MERCEDES-BENZ","R 350 4MATIC","6","SP","AS7","Z",21,29
"MERCEDES-BENZ","R 350 BLUETEC 4MATIC","6","SP","AS7","D",24,34
"MERCEDES-BENZ","S 350 BLUETEC 4MATIC","6","L","AS7","D",28,45
"MERCEDES-BENZ","S 400 HYBRID","6","L","AS7","Z",25,37
"MERCEDES-BENZ","S 550 4MATIC LWB","8","L","AS7","Z",20,32
"MERCEDES-BENZ","S 550 4MATIC SWB","8","L","AS7","Z",20,32
"MERCEDES-BENZ","S 600","12","L","AS5","Z",15,25
"MERCEDES-BENZ","S 63 AMG","8","L","AS7","Z",20,31
"MERCEDES-BENZ","S 65 AMG","12","L","AS5","Z",16,26
"MERCEDES-BENZ","SL 550","8","T","AS7","Z",24,35
"MERCEDES-BENZ","SL 63 AMG","8","T","AS7","Z",21,33
"MERCEDES-BENZ","SLK 250","4","T","AS7","Z",31,47
"MERCEDES-BENZ","SLK 250","4","T","M6","Z",31,46
"MERCEDES-BENZ","SLK 350","6","T","AS7","Z",29,42
"MERCEDES-BENZ","SLK 55 AMG","8","T","AS7","Z",26,39
"MERCEDES-BENZ","SLS AMG COUPE","8","T","AS7","Z",17,26
"MERCEDES-BENZ","SLS AMG ROADSTER","8","T","AS7","Z",17,26
"MINI","COOPER","4","S","A6","Z",39,52
"MINI","COOPER","4","S","M6","Z",42,54
"MINI","COOPER CLUBMAN","4","S","A6","Z",37,50
"MINI","COOPER CLUBMAN","4","S","M6","Z",38,50
"MINI","COOPER CONVERTIBLE","4","S","A6","Z",37,50
"MINI","COOPER CONVERTIBLE","4","S","M6","Z",38,50
"MINI","COOPER COUNTRYMAN","4","C","A6","Z",35,43
"MINI","COOPER COUNTRYMAN","4","C","M6","Z",38,50
"MINI","COOPER COUPE","4","T","A6","Z",39,52
"MINI","COOPER COUPE","4","T","M6","Z",42,54
"MINI","COOPER ROADSTER","4","T","A6","Z",37,50
"MINI","COOPER ROADSTER","4","T","M6","Z",38,50
"MINI","COOPER S","4","S","A6","Z",36,49
"MINI","COOPER S","4","S","M6","Z",37,50
"MINI","COOPER S CLUBMAN","4","S","A6","Z",36,49
"MINI","COOPER S CLUBMAN","4","S","M6","Z",37,50
"MINI","COOPER S CONVERTIBLE","4","S","A6","Z",36,49
"MINI","COOPER S CONVERTIBLE","4","S","M6","Z",37,50
"MINI","COOPER S COUNTRYMAN","4","C","A6","Z",35,46
"MINI","COOPER S COUNTRYMAN","4","C","M6","Z",37,46
"MINI","COOPER S COUNTRYMAN ALL4","4","C","A6","Z",32,43
"MINI","COOPER S COUNTRYMAN ALL4","4","C","M6","Z",35,44
"MINI","COOPER S COUPE","4","T","A6","Z",36,49
"MINI","COOPER S COUPE","4","T","M6","Z",37,50
"MINI","COOPER S ROADSTER","4","T","A6","Z",36,49
"MINI","COOPER S ROADSTER","4","T","M6","Z",37,50
"MINI","JOHN COOPER WORKS","4","S","A6","Z",36,49
"MINI","JOHN COOPER WORKS","4","S","M6","Z",37,50
"MINI","JOHN COOPER WORKS CLUBMAN","4","S","A6","Z",36,49
"MINI","JOHN COOPER WORKS CLUBMAN","4","S","M6","Z",37,50
"MINI","JOHN COOPER WORKS CONVERTIBLE","4","S","A6","Z",36,49
"MINI","JOHN COOPER WORKS CONVERTIBLE","4","S","M6","Z",37,50
"MINI","JOHN COOPER WORKS COUNTRYMAN ALL4","4","C","A6","Z",32,43
"MINI","JOHN COOPER WORKS COUNTRYMAN ALL4","4","C","M6","Z",35,44
"MINI","JOHN COOPER WORKS COUPE","4","T","A6","Z",36,49
"MINI","JOHN COOPER WORKS COUPE","4","T","M6","Z",37,50
"MINI","JOHN COOPER WORKS ROADSTER","4","T","A6","Z",36,49
"MINI","JOHN COOPER WORKS ROADSTER","4","T","M6","Z",37,50
"MITSUBISHI","LANCER","4","C","M5","X",34,50
"MITSUBISHI","LANCER","4","C","AV6","X",36,49
"MITSUBISHI","LANCER AWD","4","C","AM6","Z",24,36
"MITSUBISHI","LANCER AWD","4","C","AV6","X",31,41
"MITSUBISHI","LANCER EVOLUTION","4","C","AM6","Z",22,32
"MITSUBISHI","LANCER EVOLUTION","4","C","M5","Z",23,32
"MITSUBISHI","LANCER SPORTBACK","4","W","M5","X",33,48
"MITSUBISHI","LANCER SPORTBACK","4","W","AV6","X",34,46
"MITSUBISHI","OUTLANDER","4","SP","AV6","X",31,40
"MITSUBISHI","OUTLANDER 4WD","4","SP","AV6","X",31,40
"MITSUBISHI","OUTLANDER 4WD","6","SP","AS6","Z",26,36
"MITSUBISHI","RVR","4","SP","M5","X",33,44
"MITSUBISHI","RVR","4","SP","AV6","X",35,46
"MITSUBISHI","RVR 4WD","4","SP","AV6","X",33,42
"NISSAN","370Z","6","T","AS7","Z",25,36
"NISSAN","370Z","6","T","M6","Z",24,36
"NISSAN","370Z ROADSTER","6","T","AS7","Z",24,35
"NISSAN","370Z ROADSTER","6","T","M6","Z",24,35
"NISSAN","ALTIMA","4","M","AV","X",38,56
"NISSAN","ALTIMA","6","M","AV","X",30,44
"NISSAN","ALTIMA COUPE","4","S","AV","X",32,46
"NISSAN","GT-R","6","S","AM6","Z",22,31
"NISSAN","JUKE","4","W","AV","Z",38,46
"NISSAN","JUKE","4","W","M6","Z",34,44
"NISSAN","JUKE AWD","4","W","AV","Z",35,43
"NISSAN","MAXIMA","6","M","AV","Z",26,37
"NISSAN","ROGUE","4","SP","AV","X",31,40
"NISSAN","ROGUE AWD","4","SP","AV","X",29,37
"PORSCHE","911 CARRERA","6","S","AM7","Z",28,40
"PORSCHE","911 CARRERA","6","S","M7","Z",26,39
"PORSCHE","911 CARRERA 4","6","S","AM7","Z",27,40
"PORSCHE","911 CARRERA 4","6","S","M7","Z",26,39
"PORSCHE","911 CARRERA 4 CABRIOLET","6","S","AM7","Z",27,39
"PORSCHE","911 CARRERA 4 CABRIOLET","6","S","M7","Z",25,38
"PORSCHE","911 CARRERA 4S","6","S","AM7","Z",26,38
"PORSCHE","911 CARRERA 4S","6","S","M7","Z",25,38
"PORSCHE","911 CARRERA 4S CABRIOLET","6","S","AM7","Z",25,37
"PORSCHE","911 CARRERA 4S CABRIOLET","6","S","M7","Z",25,37
"PORSCHE","911 CARRERA CABRIOLET","6","S","AM7","Z",28,40
"PORSCHE","911 CARRERA CABRIOLET","6","S","M7","Z",26,39
"PORSCHE","911 CARRERA S","6","S","AM7","Z",26,39
"PORSCHE","911 CARRERA S","6","S","M7","Z",25,39
"PORSCHE","911 CARRERA S CABRIOLET","6","S","AM7","Z",26,39
"PORSCHE","911 CARRERA S CABRIOLET","6","S","M7","Z",25,38
"PORSCHE","911 TURBO","6","S","AM7","Z",22,35
"PORSCHE","911 TURBO","6","S","M6","Z",22,34
"PORSCHE","911 TURBO CABRIOLET","6","S","AM7","Z",21,34
"PORSCHE","911 TURBO CABRIOLET","6","S","M6","Z",22,34
"PORSCHE","911 TURBO S","6","S","AM7","Z",22,35
"PORSCHE","911 TURBO S CABRIOLET","6","S","AM7","Z",21,34
"PORSCHE","BOXSTER","6","T","AM7","Z",30,46
"PORSCHE","BOXSTER","6","T","M6","Z",28,42
"PORSCHE","BOXSTER S","6","T","AM7","Z",29,43
"PORSCHE","BOXSTER S","6","T","M6","Z",27,39
"PORSCHE","CAYENNE","6","SP","A8","Z",23,33
"PORSCHE","CAYENNE","6","SP","M6","Z",20,30
"PORSCHE","CAYENNE DIESEL","6","SP","A8","D",26,42
"PORSCHE","CAYENNE GTS","8","SP","A8","Z",20,29
"PORSCHE","CAYENNE S","8","SP","A8","Z",21,32
"PORSCHE","CAYENNE S HYBRID","6","SP","A8","Z",27,34
"PORSCHE","CAYENNE TURBO","8","SP","A8","Z",20,30
"PORSCHE","PANAMERA","6","L","AM7","Z",24,38
"PORSCHE","PANAMERA 4","6","L","AM7","Z",24,37
"PORSCHE","PANAMERA 4S","8","L","AM7","Z",22,34
"PORSCHE","PANAMERA GTS","8","L","AM7","Z",21,33
"PORSCHE","PANAMERA S","8","L","AM7","Z",22,34
"PORSCHE","PANAMERA S HYBRID","6","L","A8","Z",33,42
"PORSCHE","PANAMERA TURBO","8","L","AM7","Z",20,33
"PORSCHE","PANAMERA TURBO S","8","L","AM7","Z",20,33
"RAM","1500 (FuelSaver MDS)","8","PU","A6","X",18,28
"RAM","1500 (FuelSaver MDS)","8","PU","A8","X",20,30
"RAM","1500 4X4 (FuelSaver MDS)","8","PU","A6","X",18,26
"RAM","1500 4X4 (FuelSaver MDS)","8","PU","A8","X",20,29
"RAM","1500 FFV","6","PU","A8","E",17,25
"RAM","1500 FFV","6","PU","A8","X",23,35
"RAM","1500 FFV","8","PU","A6","E",13,17
"RAM","1500 FFV","8","PU","A6","X",19,28
"RAM","1500 FFV 4X4","6","PU","A8","E",15,23
"RAM","1500 FFV 4X4","6","PU","A8","X",22,33
"RAM","1500 FFV 4X4","8","PU","A6","E",13,17
"RAM","1500 FFV 4X4","8","PU","A6","X",18,27
"RAM","1500 HFE","6","PU","A8","X",25,36
"RAM","CARGO VAN FFV","6","F","A6","E",16,25
"RAM","CARGO VAN FFV","6","F","A6","X",23,36
"ROLLS-ROYCE","GHOST","12","L","A8","Z",16,27
"ROLLS-ROYCE","GHOST EWB","12","L","A8","Z",16,27
"ROLLS-ROYCE","PHANTOM","12","L","A6","Z",15,26
"ROLLS-ROYCE","PHANTOM COUPE","12","C","A6","Z",15,26
"ROLLS-ROYCE","PHANTOM DROPHEAD COUPE","12","C","A6","Z",15,26
"ROLLS-ROYCE","PHANTOM EWB","12","L","A6","Z",15,26
"SCION","FR-S","4","S","M6","Z",29,43
"SCION","FR-S","4","S","AS6","Z",34,49
"SCION","iQ","4","S","AV","X",51,60
"SCION","tC","4","C","M6","X",31,44
"SCION","tC","4","C","AS6","X",32,45
"SCION","xB","4","W","AS4","X",30,39
"SCION","xB","4","W","M5","X",30,39
"SCION","xD","4","S","A4","X",37,48
"SCION","xD","4","S","M5","X",38,48
"SMART","FORTWO CABRIOLET","3","T","AM5","Z",49,60
"SMART","FORTWO COUPE","3","T","AM5","Z",49,60
"SRT","VIPER","10","T","M6","Z",16,25
"SRT","VIPER GTS","10","T","M6","Z",16,25
"SUBARU","BRZ","4","S","M6","Z",29,43
"SUBARU","BRZ","4","S","AS6","Z",34,48
"SUBARU","FORESTER AWD","4","SP","M5","X",29,38
"SUBARU","FORESTER AWD","4","SP","AS4","X",29,38
"SUBARU","FORESTER AWD","4","SP","AS4","Z",26,34
"SUBARU","IMPREZA AWD","4","C","AV","X",38,51
"SUBARU","IMPREZA AWD","4","C","M5","X",34,48
"SUBARU","IMPREZA AWD","4","C","M5","Z",25,35
"SUBARU","IMPREZA AWD","4","C","M6","Z",22,32
"SUBARU","IMPREZA WAGON AWD","4","W","AV","X",38,51
"SUBARU","IMPREZA WAGON AWD","4","W","M5","X",34,48
"SUBARU","IMPREZA WAGON AWD","4","W","M5","Z",25,35
"SUBARU","IMPREZA WAGON AWD","4","W","M6","Z",22,32
"SUBARU","LEGACY AWD","4","M","AV","X",34,47
"SUBARU","LEGACY AWD","4","M","M6","X",29,40
"SUBARU","LEGACY AWD","6","M","AS5","X",24,34
"SUBARU","OUTBACK AWD","4","SP","AV","X",33,43
"SUBARU","OUTBACK AWD","4","SP","M6","X",29,40
"SUBARU","OUTBACK AWD","6","SP","AS5","X",24,34
"SUBARU","TRIBECA AWD","6","SP","AS5","X",22,30
"SUBARU","XV CROSSTREK AWD","4","SP","AV","X",34,47
"SUBARU","XV CROSSTREK AWD","4","SP","M5","X",32,42
"SUZUKI","GRAND VITARA URBAN/JX/JLX","4","SP","A4","X",25,33
"SUZUKI","KIZASHI S AWD","4","C","AV","X",30,42
"SUZUKI","KIZASHI SX/SPORT AWD","4","C","AV","X",30,42
"SUZUKI","SX4 CROSSOVER JA/JX AWD","4","W","M6","X",30,43
"SUZUKI","SX4 CROSSOVER JA/JX/JLX AWD","4","W","AV","X",31,42
"SUZUKI","SX4 HATCHBACK JA","4","W","AV","X",34,44
"SUZUKI","SX4 HATCHBACK JA","4","W","M6","X",31,45
"SUZUKI","SX4 HATCHBACK JX","4","W","AV","X",32,42
"SUZUKI","SX4 SEDAN JA","4","C","AV","X",35,46
"SUZUKI","SX4 SEDAN JA/JE","4","C","M6","X",31,47
"SUZUKI","SX4 SEDAN SPORT","4","C","AV","X",32,42
"SUZUKI","SX4 SEDAN SPORT","4","C","M6","X",31,46
"TOYOTA","4RUNNER (Part-Time 4WD)","6","SP","AS5","X",22,30
"TOYOTA","4RUNNER 4WD","6","SP","AS5","X",22,30
"TOYOTA","AVALON","6","M","AS6","X",29,44
"TOYOTA","CAMRY","4","M","AS6","X",34,51
"TOYOTA","CAMRY","6","M","AS6","X",29,45
"TOYOTA","CAMRY HYBRID LE","4","M","AV","X",63,58
"TOYOTA","CAMRY HYBRID XLE","4","M","AV","X",60,55
"TOYOTA","COROLLA","4","C","A4","X",36,50
"TOYOTA","COROLLA","4","C","M5","X",38,50
"TOYOTA","COROLLA MATRIX","4","W","A4","X",34,44
"TOYOTA","COROLLA MATRIX","4","W","M5","X",37,46
"TOYOTA","COROLLA MATRIX","4","W","A4","X",28,37
"TOYOTA","COROLLA MATRIX","4","W","M5","X",30,40
"TOYOTA","COROLLA MATRIX","4","W","AS5","X",29,40
"TOYOTA","FJ CRUISER 4WD","6","SP","A5","X",22,30
"TOYOTA","FJ CRUISER 4WD","6","SP","M6","X",20,27
"TOYOTA","HIGHLANDER","4","SP","AS6","X",27,39
"TOYOTA","HIGHLANDER","6","SP","AS5","X",24,34
"TOYOTA","HIGHLANDER 4WD","6","SP","AS5","X",22,32
"TOYOTA","HIGHLANDER HYBRID 4WD","6","SP","AV","X",43,39
"TOYOTA","PRIUS","4","M","AV","X",76,71
"TOYOTA","PRIUS c","4","C","AV","X",81,71
"TOYOTA","PRIUS v","4","W","AV","X",66,59
"TOYOTA","RAV4","4","SP","AS6","X",32,44
"TOYOTA","RAV4 AWD","4","SP","AS6","X",31,42
"TOYOTA","RAV4 LIMITED AWD","4","SP","AS6","X",30,42
"TOYOTA","SEQUOIA 4WD","8","SP","AS6","X",16,24
"TOYOTA","SIENNA","4","V","AS6","X",27,38
"TOYOTA","SIENNA","6","V","AS6","X",25,36
"TOYOTA","SIENNA AWD","6","V","AS6","X",23,33
"TOYOTA","TACOMA","4","PU","A4","X",26,36
"TOYOTA","TACOMA","4","PU","M5","X",29,38
"TOYOTA","TACOMA","6","PU","M6","X",22,29
"TOYOTA","TACOMA 4WD","4","PU","A4","X",24,32
"TOYOTA","TACOMA 4WD","4","PU","M5","X",25,31
"TOYOTA","TACOMA 4WD","6","PU","A5","X",22,29
"TOYOTA","TACOMA 4WD","6","PU","M6","X",21,27
"TOYOTA","TUNDRA","8","PU","AS6","X",20,28
"TOYOTA","TUNDRA","8","PU","AS6","X",18,25
"TOYOTA","TUNDRA 4WD","8","PU","AS6","X",18,26
"TOYOTA","TUNDRA 4WD","8","PU","AS6","X",17,24
"TOYOTA","VENZA","4","SP","AS6","X",28,41
"TOYOTA","VENZA","6","SP","AS6","X",25,37
"TOYOTA","VENZA AWD","4","SP","AS6","X",28,40
"TOYOTA","VENZA AWD","6","SP","AS6","X",25,36
"TOYOTA","YARIS","4","C","A4","X",42,51
"TOYOTA","YARIS","4","C","M5","X",43,54
"VOLKSWAGEN","BEETLE","4","C","AS6","Z",29,43
"VOLKSWAGEN","BEETLE","4","C","M6","Z",27,42
"VOLKSWAGEN","BEETLE","5","C","AS6","X",30,40
"VOLKSWAGEN","BEETLE","5","C","M5","X",29,44
"VOLKSWAGEN","BEETLE CONVERTIBLE","5","S","AS6","X",29,39
"VOLKSWAGEN","BEETLE TDI CLEAN DIESEL","4","C","AS6","D",40,56
"VOLKSWAGEN","BEETLE TDI CLEAN DIESEL","4","C","M6","D",39,59
"VOLKSWAGEN","CC","4","C","AS6","Z",29,43
"VOLKSWAGEN","CC","4","C","M6","Z",28,44
"VOLKSWAGEN","CC 4MOTION","6","C","AS6","Z",22,34
"VOLKSWAGEN","EOS","4","S","AS6","Z",30,42
"VOLKSWAGEN","GOLF","5","C","AS6","X",31,43
"VOLKSWAGEN","GOLF","5","C","M5","X",29,46
"VOLKSWAGEN","GOLF R","4","C","M6","Z",26,38
"VOLKSWAGEN","GOLF TDI CLEAN DIESEL","4","C","AS6","D",42,60
"VOLKSWAGEN","GOLF TDI CLEAN DIESEL","4","C","M6","D",42,61
"VOLKSWAGEN","GOLF WAGON","5","W","AS6","X",31,43
"VOLKSWAGEN","GOLF WAGON","5","W","M5","X",29,46
"VOLKSWAGEN","GOLF WAGON TDI CLEAN DIESEL","4","W","AS6","D",40,58
"VOLKSWAGEN","GOLF WAGON TDI CLEAN DIESEL","4","W","M6","D",42,61
"VOLKSWAGEN","GTI","4","C","AS6","Z",32,45
"VOLKSWAGEN","GTI","4","C","M6","Z",29,42
"VOLKSWAGEN","JETTA","4","C","AS6","X",30,42
"VOLKSWAGEN","JETTA","4","C","AS6","Z",32,46
"VOLKSWAGEN","JETTA","4","C","M5","X",31,47
"VOLKSWAGEN","JETTA","4","C","M6","Z",29,46
"VOLKSWAGEN","JETTA","5","C","AS6","X",31,43
"VOLKSWAGEN","JETTA","5","C","M5","X",29,46
"VOLKSWAGEN","JETTA HYBRID","4","C","AM7","Z",63,67
"VOLKSWAGEN","JETTA TDI CLEAN DIESEL","4","C","AS6","D",42,60
"VOLKSWAGEN","JETTA TDI CLEAN DIESEL","4","C","M6","D",42,61
"VOLKSWAGEN","PASSAT","5","M","AS6","X",29,42
"VOLKSWAGEN","PASSAT","5","M","M5","X",28,43
"VOLKSWAGEN","PASSAT","6","M","AS6","Z",26,38
"VOLKSWAGEN","PASSAT TDI CLEAN DIESEL","4","M","AS6","D",41,58
"VOLKSWAGEN","PASSAT TDI CLEAN DIESEL","4","M","M6","D",42,64
"VOLKSWAGEN","ROUTAN","6","V","A6","X",23,35
"VOLKSWAGEN","TIGUAN","4","SP","AM6","Z",29,38
"VOLKSWAGEN","TIGUAN","4","SP","M6","Z",24,37
"VOLKSWAGEN","TIGUAN 4MOTION","4","SP","AM6","Z",28,36
"VOLKSWAGEN","TOUAREG","6","SP","AS8","Z",23,32
"VOLKSWAGEN","TOUAREG TDI CLEAN DIESEL","6","SP","AS8","D",26,42
"VOLVO","C30","5","C","M6","X",28,42
"VOLVO","C30","5","C","AS5","X",28,43
"VOLVO","C70","5","S","AS5","X",25,39
"VOLVO","S60","5","C","AS6","X",29,43
"VOLVO","S60 AWD","5","C","AS6","X",28,40
"VOLVO","S60 AWD","6","C","AS6","X",24,35
"VOLVO","S80","6","M","AS6","X",27,42
"VOLVO","S80 AWD","6","M","AS6","X",24,35
"VOLVO","XC60","6","SP","AS6","X",25,36
"VOLVO","XC60 AWD","6","SP","AS6","X",24,33
"VOLVO","XC60 AWD","6","SP","AS6","X",24,34
"VOLVO","XC70 AWD","6","SP","AS6","X",24,33
"VOLVO","XC70 AWD","6","SP","AS6","X",24,36
"VOLVO","XC90 AWD","6","SP","AS6","X",21,32
